t,x,y,theta,state,front_min,dist_goal,clearance,v,omega
0.0,0.5,0.5,0.0,RUN,1.0,12.020815280171307,3.726772397841521,0.55,2.0
0.05,0.5274541895778777,0.5013738545485429,0.10000000000000009,RUN,1.6,12.000444944661533,3.7039807807342324,0.55,1.5204107519002255
0.1,0.5546861525563037,0.5051561894624499,0.17602053759501146,RUN,1.8,11.978551554643506,3.679968075957338,0.55,1.381486658298165
0.15000000000000002,0.5815734553971653,0.5109026931614092,0.24509487050991963,RUN,1.8,11.955529205010032,3.6550819529016794,0.55,1.2255711219719085
0.2,0.6080305189664975,0.5183884910351255,0.30637342660851496,RUN,1.8,11.93159191221369,3.629512739106782,0.55,1.0905514249333326
0.25,0.634010880658769,0.5273931258326039,0.3609009978551816,RUN,1.8,11.906924085973023,3.60342008149288,0.55,0.9700552271140294
0.3,0.6594937654707901,0.5377238729327326,0.40940375921088323,RUN,1.8,11.881673345911897,3.576929085604486,0.55,0.8629281254897991
0.35,0.6844771738171207,0.5492113441216954,0.4525501654853734,RUN,1.8,11.855958366116589,3.5501379800247674,0.55,0.767637354084653
0.39999999999999997,0.7089720766801895,0.5617076194878703,0.4909320331896061,RUN,1.8,11.829874146595046,3.523123419427547,0.55,0.6828779791499173
0.44999999999999996,0.732998131983297,0.5750839119253032,0.5250759321471019,RUN,1.8,11.80349655724487,3.495944924166091,0.55,0.6074837535233886
0.49999999999999994,0.7565804944878403,0.5892283114537822,0.5554501198232713,RUN,1.8,11.776886071483792,3.468648466171252,0.55,0.5404186748304393
0.5499999999999999,0.7797474787617561,0.6040436692731781,0.5824710535647935,RUN,1.8,11.750090817538199,3.4412693516257087,0.55,0.4807615936895797
0.6,0.8025288707152824,0.6194456745347915,0.6065091332492725,RUN,1.8,11.7231490529435,3.4138345234951193,0.55,0.4276934752614954
0.65,0.8249547294723839,0.6353611399615249,0.627893807012347,RUN,1.8,11.696091160470736,3.386364391806672,0.55,0.3804860076502606
0.7000000000000001,0.8470545569199637,0.6517264941682006,0.64691810739486,RUN,1.8,11.668941251288082,3.358874282678048,0.55,0.3384915089282131
0.7500000000000001,0.8688567408195992,0.6684864680826283,0.6638426828412705,RUN,1.8,11.641718448486769,3.331375581569036,0.55,0.3011339684043562
0.8000000000000002,0.8903881997206157,0.6855929578048434,0.6788993812614885,RUN,1.8,11.614437912121923,3.303876632528522,0.55,0.2679010923596395
0.8500000000000002,0.9116741752659775,0.7030040444303258,0.6922944358794707,RUN,1.8,11.58711165622386,3.276383443515927,0.55,0.23833723893108955
0.9000000000000002,0.9327381308469466,0.7206831514676182,0.7042112978260251,RUN,1.8,11.559749199004406,3.248900238105621,0.55,0.21203714095436324
0.9500000000000003,0.9536017257962447,0.7385983216402963,0.7148131548737435,RUN,1.8,11.53235807969531,3.221429885841232,0.55,0.18864032759293592
1.0000000000000002,0.9742848421106228,0.7567215965381822,0.7242451712533904,RUN,1.8,11.504944268989544,3.193974236959816,0.55,0.1678261660457592
1.0500000000000003,0.9948056466186972,0.7750284844440873,0.7326364795556781,RUN,1.8,11.477512494748765,3.1665343819184444,0.55,0.14930945375373872
1.1000000000000003,1.0151806759956012,0.793497503517631,0.7401019522433652,RUN,1.8,11.45006650032066,3.139110851911367,0.55,0.13283649952006826
1.1500000000000004,1.0354249354119793,0.8121097892610738,0.7467437772193684,RUN,1.8,11.422609249316533,3.1117037731744475,0.55,0.11818163898189973
1.2000000000000004,1.055552004153006,0.8308487567721823,0.7526528591684634,RUN,1.8,11.395143087888275,3.0843129851733306,0.55,0.10514413605425665
1.2500000000000004,1.075574143454415,0.8496998096874102,0.7579100659711759,RUN,1.8,11.367669873289675,3.056938130627893,0.55,0.09354542742287841
1.3000000000000005,1.0955024032306637,0.8686500889358255,0.7625873373423198,RUN,1.8,11.340191075704833,3.0295787236271794,0.55,0.0832266719835453
1.3500000000000005,1.1153467254324223,0.8876882554715175,0.7667486709414968,RUN,1.8,11.312707858888782,3.002234200746041,0.55,0.07404657139157518
1.4000000000000006,1.1351160425558398,0.9068043020458667,0.7704509995110755,RUN,1.8,11.285221144020431,2.974903959014408,0.55,0.06587943166368937
1.4500000000000006,1.1548183704022676,0.9259893898392644,0.7737449710942599,RUN,1.8,11.257731660257578,2.947587383754049,0.55,0.05861343912419162
1.5000000000000007,1.1744608946058426,0.945235706412479,0.7766756430504693,RUN,1.8,11.23023998476015,2.920283868639269,0.55,0.052149126959010056
1.5500000000000007,1.1940500507466716,0.964536341977726,0.7792830993984197,RUN,1.8,11.202746574373837,2.8929928298200336,0.55,0.046398011278603775
1.6000000000000008,1.2135915980790184,0.9838851814437888,0.7816029999623497,RUN,1.8,11.175251790710675,2.865713715538965,0.55,0.04128137793262042
1.6500000000000008,1.2330906870493283,1.0032768100715046,0.7836670688589806,RUN,1.8,11.147755920002018,2.838446012354185,0.55,0.036729203399478126
1.7000000000000008,1.2525519208752662,1.0227064308971645,0.7855035290289543,RUN,1.8,11.120259188813137,2.8111892488294994,0.55,0.03267919492229625
1.7500000000000009,1.2719794115170266,1.0421697923516966,0.7871374887750688,RUN,1.8,11.09276177648184,2.7839429973572596,0.55,0.029075936705078756
1.800000000000001,1.2913768304058326,1.0616631247311528,0.7885912856103228,RUN,1.8,11.065263824964012,2.756706874625935,0.55,0.025870130443062477
1.850000000000001,1.3107474543090625,1.0811830843662484,0.7898847921324759,RUN,1.8,11.037765446626496,2.729480541124621,0.55,0.023017919758953346
1.900000000000001,1.3300942067123955,1.1007267045009428,0.7910356881204237,RUN,1.8,11.010266730415358,2.702263699983527,0.55,0.020480289270582524
1.950000000000001,1.349419695090944,1.1202913520277136,0.7920597025839529,RUN,1.8,10.98276774673814,2.675056095376846,0.55,0.018222530041550663
2.000000000000001,1.3687262444265365,1.1398746893437988,0.7929708290860304,RUN,1.8,10.955268551328286,2.6478575106582123,0.55,0.016213764078619793
2.0500000000000007,1.3880159273094783,1.1594746406921388,0.7937815172899616,RUN,1.8,10.92776918830389,2.6206677663553823,0.55,0.014426521350850936
2.1000000000000005,1.4072905909419688,1.1790893624353558,0.7945028433575043,RUN,1.8,10.900269692588811,2.593486718117293,0.55,0.012836363527020847
2.1500000000000004,1.4265518813380247,1.1987172167836704,0.7951446615338553,RUN,1.8,10.872770091829043,2.566314254680843,0.55,0.011421549269300856
2.2,1.4458012649921983,1.2183567485596924,0.7957157389973206,RUN,1.8,10.845270407909613,2.539150295905134,0.55,0.01016273649188574
2.25,1.4650400482672055,1.2380066646364938,0.7962238758219149,RUN,1.8,10.817770658155245,2.511994790905921,0.55,0.009042717500785176
2.3,1.4842693947291181,1.257665815731194,0.7966760116969542,RUN,1.8,10.790270856280797,2.4848477163118754,0.55,0.008046183382172787
2.3499999999999996,1.5034903406384075,1.2773331802763508,0.797078320866063,RUN,1.8,10.762771013143514,2.457709074655705,0.55,0.007159514408338022
2.3999999999999995,1.5227038087860265,1.2970078501252758,0.7974362965864801,RUN,1.8,10.735271137338573,2.4305788929072407,0.55,0.006370593587282399
2.4499999999999993,1.5419106208457833,1.3166890178778914,0.797754826265844,RUN,1.8,10.707771235670434,2.4034572211507976,0.55,0.005668640799436252
2.499999999999999,1.5611115083977722,1.3363759656391068,0.7980382583058159,RUN,1.8,10.680271313525981,2.376344131406249,0.55,0.005044065247695498
2.549999999999999,1.5803071227624912,1.3560680550445738,0.7982904615682007,RUN,1.8,10.652771375169893,2.3492397165908114,0.55,0.00448833419806196
2.5999999999999988,1.59949804377122,1.375764718408277,0.798514878278104,RUN,1.8,10.625271423978496,2.322144089617319,0.55,0.0039938562116507235
2.6499999999999986,1.6186847875856643,1.3954654508638384,0.7987145710886865,RUN,1.8,10.597771462624811,2.2950573826236593,0.55,0.003553877267663819
2.6999999999999984,1.6378678136682367,1.4151698033862203,0.7988922649520696,RUN,1.8,10.570271493225059,2.267979746327867,0.55,0.0031623883537132166
2.7499999999999982,1.657047530994035,1.4348773765936613,0.799050384369755,RUN,1.8,10.542771517454753,2.240911349503174,0.55,0.0028140432572591307
2.799999999999998,1.6762243035858546,1.454587815242121,0.799191086532618,RUN,1.8,10.515271536640372,2.2138523785671604,0.55,0.002504085431392955
2.849999999999998,1.695398455445229,1.4743008033333638,0.7993162908041875,RUN,1.8,10.4877715518322,2.1868030372800757,0.55,0.002228282933351363
2.8999999999999977,1.7145702749449754,1.4940160597680858,0.7994277049508551,RUN,1.8,10.46027156386175,2.1597635465469005,0.55,0.0019828705440986145
2.9499999999999975,1.7337400187412868,1.5137333344825379,0.79952684847806,RUN,1.8,10.432771573387381,2.1327341443191448,0.55,0.0017644982762724825
2.9999999999999973,1.752907915257623,1.5334524050146001,0.7996150733918737,RUN,1.8,10.405271580930401,2.1057150855922715,0.55,0.0015701855649970463
3.049999999999997,1.7720741677869967,1.5531730734513474,0.7996935826701232,RUN,1.8,10.377771586903524,2.0787066424953173,0.55,0.00139728051429232
3.099999999999997,1.7912389572542793,1.5728951637149748,0.7997634466958381,RUN,1.8,10.350271591633563,2.0517091044702265,0.55,0.0012434236410120195
3.149999999999997,1.8104024446754465,1.5926185191499371,0.7998256178778886,RUN,1.7884572314435325,10.32277159537928,2.0247227785385307,0.55,0.0011065156195430618
3.1999999999999966,1.8295647733469877,1.6123430003773365,0.7998809436588656,RUN,1.7602535490413516,10.295271598345533,1.9977479896540067,0.55,0.000984688585877867
3.2499999999999964,1.84872607079501,1.6320684833868881,0.7999301780881596,RUN,1.7321278213448807,10.267771600694465,1.970785081140341,0.55,0.0008762806080966914
3.2999999999999963,1.8678864505097295,1.6517948578400592,0.7999739921185647,RUN,1.7040788405927754,10.240271602554715,1.9438344152140345,0.55,0.0007798129734908869
3.349999999999996,1.8870460134903055,1.6715220255612167,0.8000129827672393,RUN,1.676105532974916,10.212771604027896,1.9168963735915017,0.55,0.0006939699820275226
3.399999999999996,1.9062048496191437,1.691249899195327,0.8000476812663408,RUN,1.6482069423332852,10.185271605194398,1.8899713581831552,0.55,0.0006175809688050028
3.4499999999999957,1.9253630388849388,1.7109784010136764,0.8000785603147813,RUN,1.6203822161502943,10.157771606118366,1.8630597918755898,0.55,0.0005496043100984271
3.4999999999999956,1.94452065247242,1.7307074618527167,0.8001060405302862,RUN,1.5926305934959375,10.130271606850034,1.836162119402128,0.55,0.0004891131937165393
3.5499999999999954,1.9636777537303942,1.7504370201687607,0.800130496189972,RUN,1.5649513946595497,10.102771607429723,1.8092788083088047,0.55,0.0004352829589744511
3.599999999999995,1.982834399035255,1.7701670211986311,0.8001522603379208,RUN,1.5373440122233222,10.075271607888633,1.7824103500143673,0.55,0.0003873798333908818
3.649999999999995,2.0019906385577997,1.7898974162108061,0.8001716293295904,RUN,1.5098079033800411,10.047771608252065,1.7555572609740318,0.55,0.0003447509118020156
3.699999999999995,2.0211465169463736,1.809628161841374,0.8001888668751804,RUN,1.4823425833163126,10.02027160854008,1.7287200839474006,0.55,0.00030681524026473264
3.7499999999999947,2.0403020739352087,1.8293592195025212,0.8002042076371936,RUN,1.4549476195149484,9.992771608768212,1.7018993893785264,0.55,0.0002730558839640523
3.7999999999999945,2.059457344885459,1.8490905548553656,0.8002178604313919,RUN,1.4276226268497143,9.965271608948907,1.6750957768954877,0.55,0.00024301286988861584
3.8499999999999943,2.078612361266096,1.868822137342704,0.8002300110748863,RUN,1.4003672633617286,9.937771609091847,1.6483098769357536,0.55,0.00021627690696870836
3.899999999999994,2.0977671510825076,1.8885539397713274,0.8002408249202349,RUN,1.3731812266252552,9.910271609205148,1.6215423525069323,0.55,0.0001924838000506047
3.949999999999994,2.116921739258487,1.908285937941855,0.8002504491102371,RUN,1.3460642506204399,9.882771609294917,1.5947939010906356,0.55,0.00017130947903816677
3.999999999999994,2.1360761479741086,1.928018110319499,0.800259014584189,RUN,1.3190161030472334,9.855271609366174,1.5680652567032505,0.55,0.0001524655756466201
4.049999999999994,2.1552303969697277,1.9477504377396144,0.8002666378629715,RUN,1.2920365830176777,9.827771609422403,1.541357192121672,0.55,0.00013569548991523161
4.099999999999993,2.1743845038122345,1.9674829031469017,0.800273422637467,RUN,1.2651255190806419,9.800271609467243,1.5146705212924232,0.55,0.00012077088756534758
4.149999999999993,2.1935384841367522,1.9872154913632585,0.8002794611818453,RUN,1.238282767528451,9.772771609502746,1.4880061019315785,0.55,0.00010748858637480717
4.199999999999993,2.2126923518576405,2.0069481888813243,0.8002848356111638,RUN,1.2115082109556354,9.74527160953054,1.4613648383396078,0.55,9.566778330733667e-05
4.249999999999993,2.2318461193572148,2.026680983679398,0.800289619000329,RUN,1.1848017570339762,9.717771609553218,1.4347476844453175,0.55,8.514758907002707e-05
4.299999999999993,2.250999797656732,2.046413865060458,0.8002938763797824,RUN,1.1581633374718017,9.69027160957075,1.408155647094441,0.55,7.578483369379442e-05
4.3499999999999925,2.270153396565547,2.0661468235020948,0.8002976656214669,RUN,1.1315929071451483,9.662771609584299,1.3815897896161582,0.55,6.745211541721791e-05
4.399999999999992,2.2893069248111715,2.085879850530546,0.8003010382272375,RUN,1.1050904433720694,9.635271609596005,1.3550512356836555,0.55,6.003606043303923e-05
4.449999999999992,2.308460390163418,2.1056129386070097,0.8003040400302592,RUN,1.0786559453084423,9.607771609604121,1.3285411734913757,0.55,5.343578004808123e-05
4.499999999999992,2.3276137995371755,2.125346081016687,0.8003067118192617,RUN,1.052289433468897,9.580271609611042,1.3020608602977035,0.55,4.75614961762922e-05
4.549999999999992,2.3467671590860846,2.1450792717869263,0.8003090898940703,RUN,1.0259909493372144,9.552771609616798,1.2756116273431304,0.55,4.233331329640871e-05
4.599999999999992,2.3659204742889415,2.1648125056017307,0.8003112065597353,RUN,0.9997605550706926,9.52527160962023,1.2491948851964723,0.55,3.768013404450046e-05
4.6499999999999915,2.3850737500160903,2.1845457777308184,0.8003130905664375,RUN,0.9735983332919838,9.49777160962365,1.2228121295725445,0.55,3.35386854444587e-05
4.699999999999991,2.404226990611278,2.2042790839623194,0.8003147675007098,RUN,0.9475043869350541,9.470271609624128,1.1964649476420495,0.55,2.985266530169754e-05
4.749999999999991,2.4233801999325806,2.2240124205454777,0.8003162601339748,RUN,0.9214788391861334,9.442771609626105,1.1701550249307495,0.55,2.657196466667268e-05
4.799999999999991,2.4425333814160695,2.2437457841497235,0.800317588732208,RUN,0.8955218334555581,9.415271609626416,1.143884152806484,0.55,2.3651990047498097e-05
4.849999999999991,2.4616865381212847,2.2634791717991902,0.8003187713317104,RUN,0.8696335334307475,9.387771609629612,1.1176542366725997,0.55,2.105306161399824e-05
4.899999999999991,2.4808396727748914,2.2832125808563433,0.8003198239847911,RUN,0.8438141231598629,9.3602716096293,1.0914673048885855,0.55,1.8739861438846154e-05
4.94999999999999,2.4999927877943264,2.3029460089674103,0.8003207609778631,RUN,0.8180638072184745,9.332771609630834,1.065325518554422,0.55,1.6680959224052974e-05
4.99999999999999,2.5191458853441873,2.3226794540387345,0.8003215950258245,RUN,0.7923828108787851,9.305271609629008,1.0392311821665918,0.55,1.4848388201322664e-05
5.04999999999999,2.5382989673344127,2.342412914204033,0.8003223374452344,RUN,0.7667713803805223,9.27777160963282,1.013186755343039,0.55,1.3217251637481054e-05
5.09999999999999,2.557452035482129,2.362146387808025,0.8003229983078164,RUN,0.7412297831798844,9.250271609634142,0.9871948656065914,0.55,1.1765399741589134e-05
5.14999999999999,2.5766050913080107,2.3818798733736912,0.8003235865778033,RUN,0.7157583083082572,9.222771609633755,0.9612583224786218,0.55,1.0473115553761044e-05
5.1999999999999895,2.5957581361653865,2.4016133695986355,0.8003241102335812,RUN,0.6903572667319207,9.195271609623683,0.935380132911928,0.55,9.322848384834066e-06
5.249999999999989,2.6149111712438753,2.4213468752932386,0.8003245763760005,RUN,0.6650269918000882,9.167771609629042,0.9095635183064494,0.55,8.298986225754966e-06
5.299999999999989,2.6340641976275947,2.4410803894279525,0.8003249913253119,RUN,0.6397678396438669,9.140271609633565,0.8838119331336818,0.55,7.387629930214899e-06
5.349999999999989,2.653217216284247,2.4608139110714546,0.8003253607068084,RUN,0.6145801897248423,9.112771609631578,0.8581290855689581,0.55,6.5764165262071735e-06
5.399999999999989,2.6723702280505677,2.4805474394161138,0.8003256895276349,RUN,0.5894644454015457,9.08527160961986,0.8325189602028897,0.55,5.854322671024689e-06
5.449999999999989,2.691523233690532,2.5002809736979543,0.8003259822437685,RUN,0.5644210345088838,9.05777160961454,0.8069858430853192,0.55,5.2115707568112115e-06
5.4999999999999885,2.710676233866252,2.520014513283968,0.8003262428223064,AVOID,0.5394504100134643,9.030271609608716,0.7815343494039506,0.275,0.6544984694978735
5.549999999999988,2.720089593223184,2.5300362044407607,0.8330511662972002,AVOID,0.531685740163609,9.016524066012972,0.768929937458231,0.275,0.6544984694978735
5.599999999999988,2.7291700120066533,2.5403605263430307,0.8657760897720941,AVOID,0.5252671345892546,9.00279128203825,0.7565388423099313,0.275,0.6544984694978735
5.649999999999988,2.737907766676787,2.550976423448289,0.898501013246988,AVOID,0.5202466778236491,8.98908806440157,0.7443809194715112,0.275,0.6544984694978735
5.699999999999988,2.746293500627027,2.561872527988016,0.9312259367218818,AVOID,0.5167072151632985,8.975429255816971,0.7324762987911335,0.275,0.6544984694978735
5.749999999999988,2.7543182342034207,2.5730371721405527,0.9639508601967757,AVOID,0.5147697355084593,8.961829718885033,0.7208453436275253,0.275,0.6544984694978735
5.799999999999987,2.761973374320256,2.584458400525297,0.9966757836716695,AVOID,0.5146048537333877,8.9483043196619,0.7095086038880891,0.275,0.6544984694978735
5.849999999999987,2.769250723661756,2.5961239830048237,1.0294007071465634,AVOID,0.5164508697183122,8.934867910922666,0.6984867626112938,0.275,0.6544984694978735
5.899999999999987,2.7761424894599678,2.608021427781223,1.0621256306214573,AVOID,0.5206430400524171,8.921535315135483,0.6878005758379295,0.275,0.0
5.949999999999987,2.7828389687177677,2.620030577024606,1.0621256306214573,AVOID,0.5106295893830521,8.908260274991708,0.6773226092762548,0.275,0.0
5.999999999999987,2.7895354479755676,2.6320397262679895,1.0621256306214573,AVOID,0.5006589806744661,8.894986677886656,0.6669127849222314,0.275,0.0
6.0499999999999865,2.7962319272333676,2.644048875511373,1.0621256306214573,AVOID,0.4907319997243289,8.88171453029013,0.6565729483311364,0.275,0.0
6.099999999999986,2.8029284064911675,2.6560580247547563,1.0621256306214573,AVOID,0.4808494624085803,8.86844383870996,0.6463049992156984,0.275,0.0
6.149999999999986,2.8096248857489674,2.6680671739981396,1.0621256306214573,AVOID,0.47101221629712076,8.855174609692256,0.6361108927278964,0.275,0.0
6.199999999999986,2.8163213650067673,2.680076323241523,1.0621256306214573,AVOID,0.4612211423839583,8.841906849821715,0.625992640724965,0.275,0.0
6.249999999999986,2.8230178442645673,2.6920854724849064,1.0621256306214573,AVOID,0.45147715694190116,8.828640565721876,0.6159523130133933,0.275,0.0
6.299999999999986,2.829714323522367,2.7040946217282897,1.0621256306214573,AVOID,0.44178121351294886,8.815375764055421,0.6059920385640563,0.275,0.0
6.349999999999985,2.836410802780167,2.716103770971673,1.0621256306214573,AVOID,0.43213430504673944,8.802112451524433,0.5961140066909292,0.275,0.0
6.399999999999985,2.843107282037967,2.7281129202150565,1.0621256306214573,AVOID,0.42253746620077137,8.788850634870705,0.5863204681851018,0.275,0.0
6.449999999999985,2.849803761295767,2.74012206945844,1.0621256306214573,AVOID,0.4129917758176339,8.775590320876026,0.5766137363950372,0.275,0.0
6.499999999999985,2.856500240553567,2.752131218701823,1.0621256306214573,AVOID,0.4034983595962216,8.762331516362455,0.5669961882432104,0.275,0.0
6.549999999999985,2.863196719811367,2.7641403679452066,1.0621256306214573,AVOID,0.3940583929758633,8.749074228192633,0.5574702651684047,0.08,0.0
6.5999999999999845,2.865144786504545,2.767633938634191,1.0621256306214573,AVOID,0.39132243174771975,8.745217848253795,0.5547166496277476,0.08,0.0
6.649999999999984,2.867092853197723,2.771127509323175,1.0621256306214573,AVOID,0.38859112855667766,8.741361597394821,0.5519710626252186,0.08,0.0
6.699999999999984,2.8690409198909013,2.7746210800121593,1.0621256306214573,AVOID,0.38586451492579865,8.737505475786621,0.5492335673983346,0.08,0.0
6.749999999999984,2.8709889865840794,2.7781146507011436,1.0621256306214573,AVOID,0.38314262279555333,8.733649483600393,0.5465042276611618,0.08,0.0
6.799999999999984,2.8729370532772576,2.781608221390128,1.0621256306214573,AVOID,0.38042548453158015,8.729793621007637,0.5437831076056083,0.08,0.0
6.849999999999984,2.8748851199704357,2.785101792079112,1.0621256306214573,AVOID,0.377713132932629,8.725937888180148,0.5410702719026446,0.08,0.0
6.8999999999999835,2.876833186663614,2.7885953627680964,1.0621256306214573,AVOID,0.37500560123869886,8.722082285290025,0.5383657857034447,0.08,0.0
6.949999999999983,2.878781253356792,2.7920889334570806,1.0621256306214573,AVOID,0.37230292313937535,8.718226812509657,0.5356697146404465,0.08,0.0
6.999999999999983,2.88072932004997,2.795582504146065,1.0621256306214573,AVOID,0.3696051327823707,8.714371470011736,0.5329821248283297,0.08,0.0
7.049999999999983,2.8826773867431483,2.799076074835049,1.0621256306214573,AVOID,0.36691226478227684,8.710516257969255,0.5303030828649067,0.08,0.0
7.099999999999983,2.8846254534363265,2.8025696455240334,1.0621256306214573,AVOID,0.3642243542295353,8.706661176555508,0.5276326558319244,0.08,0.0
7.149999999999983,2.8865735201295046,2.8060632162130177,1.0621256306214573,AVOID,0.3615414366996307,8.702806225944089,0.5249709112957759,0.08,0.0
7.199999999999982,2.888521586822683,2.809556786902002,1.0621256306214573,AVOID,0.358863548262517,8.69895140630889,0.5223179173081152,0.08,0.0
7.249999999999982,2.890469653515861,2.813050357590986,1.0621256306214573,AVOID,0.3561907254922789,8.69509671782411,0.5196737424063751,0.08,0.0
7.299999999999982,2.892417720209039,2.8165439282799705,1.0621256306214573,AVOID,0.3535230054770427,8.691242160664254,0.5170384556141852,0.08,0.0
7.349999999999982,2.8943657869022172,2.8200374989689547,1.0621256306214573,AVOID,0.3508604258291356,8.687387735004124,0.5144121264416841,0.08,0.0
7.399999999999982,2.8963138535953954,2.823531069657939,1.0621256306214573,AVOID,0.3482030246955121,8.68353344101883,0.5117948248857265,0.08,0.0
7.4499999999999815,2.8982619202885735,2.8270246403469232,1.0621256306214573,AVOID,0.34555084076844444,8.679679278883784,0.5091866214299792,0.08,0.0
7.499999999999981,2.9002099869817517,2.8305182110359075,1.0621256306214573,AVOID,0.3429039132964943,8.675825248774709,0.5065875870449033,0.08,0.0
7.549999999999981,2.90215805367493,2.8340117817248918,1.0621256306214573,AVOID,0.3402622820957706,8.671971350867631,0.5039977931876207,0.08,0.0
7.599999999999981,2.904106120368108,2.837505352413876,1.0621256306214573,AVOID,0.33762598756148354,8.668117585338884,0.5014173118016603,0.08,0.0
7.649999999999981,2.906054187061286,2.8409989231028603,1.0621256306214573,AVOID,0.3349950706798049,8.664263952365106,0.49884621531657974,0.08,0.0
7.699999999999981,2.9080022537544643,2.8444924937918445,1.0621256306214573,AVOID,0.33236957304004294,8.66041045212325,0.49628457664746267,0.08,0.0
7.7499999999999805,2.9099503204476425,2.847986064480829,1.0621256306214573,AVOID,0.32974953684714486,8.656557084790574,0.49373246919428365,0.08,0.0
7.79999999999998,2.9118983871408206,2.851479635169813,1.0621256306214573,AVOID,0.3271350049345355,8.652703850544642,0.4911899668411402,0.08,0.0
7.84999999999998,2.9138464538339988,2.8549732058587973,1.0621256306214573,AVOID,0.32452602077730425,8.648850749563337,0.48865714395534726,0.08,0.0
7.89999999999998,2.915794520527177,2.8584667765477816,1.0621256306214573,AVOID,0.3219226285057515,8.644997782024847,0.4861340753863918,0.08,0.0
7.94999999999998,2.917742587220355,2.861960347236766,1.0621256306214573,AVOID,0.31932487291930783,8.641144948107673,0.48362083646474147,0.08,0.0
7.99999999999998,2.919690653913533,2.86545391792575,1.0621256306214573,AVOID,0.3167327995008356,8.637292247990626,0.4811175030005062,0.08,0.0
8.04999999999998,2.9216387206067114,2.8689474886147344,1.0621256306214573,AVOID,0.31414645443133055,8.633439681852835,0.4786241512819473,0.08,0.0
8.09999999999998,2.9235867872998895,2.8724410593037186,1.0621256306214573,AVOID,0.3115658846050325,8.62958724987374,0.4761408580738316,0.08,0.0
8.14999999999998,2.9255348539930677,2.875934629992703,1.0621256306214573,AVOID,0.3089911376449622,8.625734952233094,0.4736677006156261,0.08,0.0
8.199999999999982,2.927482920686246,2.879428200681687,1.0621256306214573,AVOID,0.306422261918898,8.621882789110964,0.4712047566195285,0.08,0.0
8.249999999999982,2.929430987379424,2.8829217713706714,1.0621256306214573,AVOID,0.3038593065558081,8.618030760687738,0.4687521042683325,0.08,0.0
8.299999999999983,2.931379054072602,2.8864153420596557,1.0621256306214573,AVOID,0.30130232146275265,8.614178867144117,0.46630982221312106,0.08,0.0
8.349999999999984,2.9333271207657803,2.88990891274864,1.0621256306214573,AVOID,0.29875135734227676,8.610327108661119,0.4638779895707848,0.08,0.0
8.399999999999984,2.9352751874589584,2.893402483437624,1.0621256306214573,AVOID,0.29620646571030623,8.606475485420077,0.46145668592136263,0.08,0.0
8.449999999999985,2.9372232541521366,2.8968960541266084,1.0621256306214573,AVOID,0.29366769891456684,8.602623997602647,0.45904599130519946,0.08,0.0
8.499999999999986,2.9391713208453147,2.9003896248155927,1.0621256306214573,AVOID,0.29113511015354826,8.598772645390806,0.456645986219917,0.08,0.0
8.549999999999986,2.941119387538493,2.903883195504577,1.0621256306214573,AVOID,0.28860875349602727,8.594921428966842,0.4542567516171943,0.08,0.0
8.599999999999987,2.943067454231671,2.9073767661935612,1.0621256306214573,AVOID,0.28608868390117437,8.59107034851337,0.45187836889935423,0.08,0.0
8.649999999999988,2.945015520924849,2.9108703368825455,1.0621256306214573,AVOID,0.2835749572392655,8.587219404213325,0.44951091991575115,0.08,0.0
8.699999999999989,2.9469635876180273,2.9143639075715297,1.0621256306214573,AVOID,0.2810676303130186,8.583368596249965,0.4471544869589557,0.08,0.0
8.74999999999999,2.9489116543112055,2.917857478260514,1.0621256306214573,AVOID,0.27856676087957927,8.579517924806867,0.444809152760734,0.08,0.0
8.79999999999999,2.9508597210043837,2.9213510489494983,1.0621256306214573,AVOID,0.27607240767318225,8.575667390067931,0.4424750004878157,0.08,0.0
8.84999999999999,2.952807787697562,2.9248446196384825,1.0621256306214573,AVOID,0.273584630428512,8.571816992217387,0.4401521137374475,0.08,0.0
8.899999999999991,2.95475585439074,2.928338190327467,1.0621256306214573,AVOID,0.2711034899047869,8.567966731439785,0.43784057653272895,0.08,0.0
8.949999999999992,2.956703921083918,2.931831761016451,1.0621256306214573,AVOID,0.26862904791060044,8.564116607920003,0.43554047331772444,0.08,0.0
8.999999999999993,2.9586519877770963,2.9353253317054353,1.0621256306214573,AVOID,0.2661613673295448,8.560266621843237,0.4332518889523503,0.08,0.0
9.049999999999994,2.9606000544702744,2.9388189023944196,1.0621256306214573,AVOID,0.26370051214664486,8.55641677339502,0.43097490870702987,0.08,0.0
9.099999999999994,2.9625481211634526,2.942312473083404,1.0621256306214573,AVOID,0.2612465474756418,8.552567062761208,0.42870961825711557,0.08,0.0
9.149999999999995,2.9644961878566307,2.945806043772388,1.0621256306214573,AVOID,0.2587995395871523,8.548717490127984,0.4264561036770716,0.08,0.0
9.199999999999996,2.966444254549809,2.9492996144613723,1.0621256306214573,AVOID,0.2563595559377417,8.544868055681862,0.424214451434415,0.08,0.0
9.249999999999996,2.968392321242987,2.9527931851503566,1.0621256306214573,AVOID,0.25392666519994733,8.541018759609683,0.42198474838341066,0.08,0.0
9.299999999999997,2.970340387936165,2.956286755839341,1.0621256306214573,AVOID,0.25150093729329154,8.537169602098622,0.41976708175851624,0.08,0.0
9.349999999999998,2.9722884546293433,2.959780326528325,1.0621256306214573,AVOID,0.2490824434163192,8.533320583336184,0.4175615391675734,0.08,0.0
9.399999999999999,2.9742365213225215,2.9632738972173094,1.0621256306214573,AVOID,0.24667125607971008,8.5294717035102,0.41536820858474205,0.08,0.0
9.45,2.9761845880156996,2.9667674679062936,1.0621256306214573,AVOID,0.2442674491405027,8.525622962808841,0.4131871783431737,0.08,0.0
9.5,2.978132654708878,2.970261038595278,1.0621256306214573,AVOID,0.24187109783747918,8.52177436142061,0.4110185371274188,0.08,0.0
9.55,2.980080721402056,2.973754609284262,1.0621256306214573,AVOID,0.2394822788277618,8.517925899534339,0.40886237396556796,0.08,0.0
9.600000000000001,2.982028788095234,2.9772481799732464,1.0621256306214573,AVOID,0.2371010702246666,8.514077577339197,0.4067187782211202,0.08,0.0
9.650000000000002,2.9839768547884122,2.9807417506622307,1.0621256306214573,AVOID,0.23472755163687253,8.51022939502469,0.40458783958457584,0.08,0.0
9.700000000000003,2.9859249214815904,2.984235321351215,1.0621256306214573,AVOID,0.23236180420896047,8.50638135278066,0.40246964806475277,0.08,0.0
9.750000000000004,2.9878729881747685,2.987728892040199,1.0621256306214573,AVOID,0.23000391066338188,8.502533450797284,0.40036429397981904,0.08,0.0
9.800000000000004,2.9898210548679467,2.9912224627291835,1.0621256306214573,AVOID,0.22765395534391664,8.498685689265075,0.3982718679480424,0.08,0.0
9.850000000000005,2.991769121561125,2.9947160334181677,1.0621256306214573,AVOID,0.22531202426069113,8.494838068374888,0.39619246087825105,0.08,0.0
9.900000000000006,2.993717188254303,2.998209604107152,1.0621256306214573,AVOID,0.222978205136818,8.490990588317915,0.3941261639600044,0.08,0.0
9.950000000000006,2.995665254947481,3.0017031747961362,1.0621256306214573,AVOID,0.22065258745673638,8.48714324928569,0.3920730686534701,0.08,0.0
10.000000000000007,2.9976133216406593,3.0051967454851205,1.0621256306214573,AVOID,0.218335262516326,8.48329605147008,0.390033266679005,0.08,0.0
10.050000000000008,2.9995613883338375,3.0086903161741048,1.0621256306214573,AVOID,0.21602632347487488,8.479448995063304,0.3880068500064376,0.08,0.0
10.100000000000009,3.0015094550270156,3.012183886863089,1.0621256306214573,AVOID,0.21372586540898653,8.475602080257916,0.38599391084404916,0.08,0.0
10.15000000000001,3.0034575217201938,3.0156774575520733,1.0621256306214573,AVOID,0.21143398536851626,8.471755307246813,0.3839945416272516,0.08,0.0
10.20000000000001,3.005405588413372,3.0191710282410575,1.0621256306214573,AVOID,0.20915078243463048,8.467908676223237,0.3820088350069601,0.08,0.0
10.25000000000001,3.00735365510655,3.022664598930042,1.0621256306214573,AVOID,0.2068763577800864,8.464062187380772,0.38003688383765805,0.08,0.0
10.300000000000011,3.009301721799728,3.026158169619026,1.0621256306214573,AVOID,0.20461081473184128,8.460215840913351,0.37807878116515287,0.08,0.0
10.350000000000012,3.0112497884929064,3.0296517403080103,1.0621256306214573,AVOID,0.20235425883609798,8.45636963701525,0.37613462021402116,0.08,0.0
10.400000000000013,3.0131978551860845,3.0331453109969946,1.0621256306214573,AVOID,0.2001067979259067,8.45252357588109,0.37420449437474107,0.08,0.0
10.450000000000014,3.0151459218792627,3.036638881685979,1.0621256306214573,AVOID,0.19786854219144606,8.448677657705842,0.372288497190512,0.08,0.0
10.500000000000014,3.017093988572441,3.040132452374963,1.0621256306214573,AVOID,0.19563960425311377,8.444831882684824,0.37038672234375875,0.08,0.0
10.550000000000015,3.019042055265619,3.0436260230639474,1.0621256306214573,AVOID,0.19342009923756698,8.440986251013701,0.36849926364232116,0.08,0.0
10.600000000000016,3.020990121958797,3.0471195937529316,1.0621256306214573,AVOID,0.19121014485685867,8.437140762888488,0.3666262150053268,0.08,0.0
10.650000000000016,3.0229381886519753,3.050613164441916,1.0621256306214573,AVOID,0.18900986149082621,8.433295418505553,0.3647676704487483,0.08,0.0
10.700000000000017,3.0248862553451534,3.0541067351309,1.0621256306214573,AVOID,0.1868193722728954,8.429450218061614,0.36292372407064216,0.08,0.0
10.750000000000018,3.0268343220383316,3.0576003058198844,1.0621256306214573,AVOID,0.18463880317947756,8.425605161753737,0.36109447003607337,0.08,0.0
10.800000000000018,3.0287823887315097,3.0610938765088687,1.0621256306214573,AVOID,0.18246828312314373,8.421760249779343,0.35928000256172127,0.08,0.0
10.85000000000002,3.030730455424688,3.064587447197853,1.0621256306214573,AVOID,0.18030794404977357,8.417915482336209,0.3574804159001715,0.08,0.0
10.90000000000002,3.032678522117866,3.068081017886837,1.0621256306214573,AVOID,0.17815792103988837,8.414070859622463,0.3556958043238914,0.08,0.0
10.95000000000002,3.034626588811044,3.0715745885758214,1.0621256306214573,AVOID,0.17601835241439145,8.410226381836585,0.35392626210889283,0.08,0.0
11.000000000000021,3.0365746555042223,3.0750681592648057,1.0621256306214573,AVOID,0.1738893798449509,8.406382049177418,0.352171883518081,0.08,0.0
11.050000000000022,3.0385227221974005,3.07856172995379,1.0621256306214573,AVOID,0.1717711484692806,8.402537861844154,0.350432762784293,0.08,0.0
11.100000000000023,3.0404707888905786,3.082055300642774,1.0621256306214573,AVOID,0.169663807011582,8.39869382003635,0.3487089940930274,0.08,0.0
11.150000000000023,3.042418855583757,3.0855488713317585,1.0621256306214573,AVOID,0.16756750790843883,8.394849923953911,0.3470006715648665,0.08,0.0
11.200000000000024,3.044366922276935,3.0890424420207427,1.0621256306214573,AVOID,0.16548240744046477,8.39100617379711,0.34530788923759376,0.08,0.0
11.250000000000025,3.046314988970113,3.092536012709727,1.0621256306214573,AVOID,0.16340866587003178,8.387162569766573,0.34363074104801056,0.08,0.0
11.300000000000026,3.0482630556632913,3.0960295833987113,1.0621256306214573,AVOID,0.1613464475854262,8.383319112063292,0.3419693208134534,0.08,0.0
11.350000000000026,3.0502111223564694,3.0995231540876955,1.0621256306214573,AVOID,0.1592959212518016,8.379475800888615,0.34032372221301693,0.08,0.0
11.400000000000027,3.0521591890496476,3.10301672477668,1.0621256306214573,AVOID,0.15725725996932777,8.375632636444253,0.33869403876848453,0.08,0.0
11.450000000000028,3.0541072557428257,3.106510295465664,1.0621256306214573,AVOID,0.15523064143895637,8.371789618932281,0.33708036382497314,0.08,0.0
11.500000000000028,3.056055322436004,3.1100038661546483,1.0621256306214573,AVOID,0.15321624813626106,8.367946748555141,0.3354827905312933,0.08,0.0
11.55000000000003,3.058003389129182,3.1134974368436326,1.0621256306214573,AVOID,0.15121426749383488,8.364104025515632,0.33390141182003324,0.08,0.0
11.60000000000003,3.05995145582236,3.116991007532617,1.0621256306214573,AVOID,0.14922489209276818,8.36026145001692,0.3323363203873683,0.08,0.0
11.65000000000003,3.0618995225155383,3.120484578221601,1.0621256306214573,AVOID,0.1472483198637668,8.35641902226254,0.3307876086726043,0.08,0.0
11.700000000000031,3.0638475892087165,3.1239781489105853,1.0621256306214573,AVOID,0.14528475429850857,8.352576742456392,0.32925536883745826,0.08,0.0
11.750000000000032,3.0657956559018946,3.1274717195995696,1.0621256306214573,AVOID,0.1433344046718854,8.348734610802746,0.32773969274508413,0.08,0.0
11.800000000000033,3.0677437225950728,3.130965290288554,1.0621256306214573,AVOID,0.14139748627582577,8.344892627506233,0.3262406719388496,0.08,0.0
11.850000000000033,3.069691789288251,3.134458860977538,1.0621256306214573,AVOID,0.1394742206654393,8.341050792771862,0.3247583976208715,0.08,0.0
11.900000000000034,3.071639855981429,3.1379524316665224,1.0621256306214573,AVOID,0.13756483591829644,8.337209106805005,0.3232929606303155,0.08,0.0
11.950000000000035,3.0735879226746072,3.1414460023555066,1.0621256306214573,AVOID,0.13566956690769988,8.333367569811411,0.3218444514214696,0.08,0.0
12.000000000000036,3.0755359893677854,3.144939573044491,1.0621256306214573,AVOID,0.1337886555908931,8.329526181997196,0.32041296004159875,0.08,0.0
12.050000000000036,3.0774840560609635,3.148433143733475,1.0621256306214573,AVOID,0.13192235131321084,8.325684943568847,0.31899857610858845,0.08,0.0
12.100000000000037,3.0794321227541417,3.1519267144224594,1.0621256306214573,AVOID,0.1300709111292659,8.32184385473323,0.3176013887883868,0.08,0.0
12.150000000000038,3.08138018944732,3.1554202851114437,1.0621256306214573,AVOID,0.12823460014235455,8.31800291569758,0.3162214867722544,0.08,0.0
12.200000000000038,3.083328256140498,3.158913855800428,1.0621256306214573,AVOID,0.12641369186336054,8.31416212666951,0.31485895825383053,0.08,0.0
12.250000000000039,3.085276322833676,3.162407426489412,1.0621256306214573,AVOID,0.1246084685905462,8.310321487857006,0.3135138909060264,0.08,0.0
12.30000000000004,3.0872243895268543,3.1659009971783965,1.0621256306214573,AVOID,0.1228192218117371,8.306480999468434,0.31218637185775605,0.08,0.0
12.35000000000004,3.0891724562200324,3.1693945678673807,1.0621256306214573,AVOID,0.12104625263053792,8.302640661712534,0.31087648767051407,0.08,0.0
12.400000000000041,3.0911205229132106,3.172888138556365,1.0621256306214573,AVOID,0.11928987221835718,8.298800474798425,0.30958432431481314,0.08,0.0
12.450000000000042,3.0930685896063888,3.1763817092453492,1.0621256306214573,AVOID,0.11755040229418362,8.294960438935606,0.3083099671464908,0.08,0.0
12.500000000000043,3.095016656299567,3.1798752799343335,1.0621256306214573,AVOID,0.11582817563422221,8.291120554333956,0.30705350088289834,0.08,0.0
12.550000000000043,3.096964722992745,3.1833688506233178,1.0621256306214573,AVOID,0.11412353661369795,8.287280821203733,0.3058150095789844,0.08,0.0
12.600000000000044,3.098912789685923,3.186862421312302,1.0621256306214573,AVOID,0.11243684178334767,8.283441239755579,0.30459457660328365,0.08,0.0
12.650000000000045,3.1008608563791014,3.1903559920012863,1.0621256306214573,AVOID,0.11076846048335165,8.279601810200516,0.30339228461382545,0.08,0.0
12.700000000000045,3.1028089230722795,3.1938495626902705,1.0621256306214573,AVOID,0.10911877549772958,8.275762532749951,0.3022082155339744,0.08,0.0
12.750000000000046,3.1047569897654577,3.197343133379255,1.0621256306214573,AVOID,0.1074881837525059,8.271923407615676,0.3010424505282165,0.08,0.0
12.800000000000047,3.106705056458636,3.200836704068239,1.0621256306214573,AVOID,0.10587709706128084,8.268084435009861,0.29989506997790466,0.08,0.0
12.850000000000048,3.108653123151814,3.2043302747572233,1.0621256306214573,AVOID,0.10428594292221066,8.264245615145072,0.2987661534569777,0.08,0.0
12.900000000000048,3.110601189844992,3.2078238454462076,1.0621256306214573,AVOID,0.10271516537079273,8.260406948234257,0.2976557797076667,0.08,0.0
12.950000000000049,3.1125492565381703,3.211317416135192,1.0621256306214573,AVOID,0.10116522589331683,8.256568434490749,0.2965640266162039,0.08,0.0
13.00000000000005,3.1144973232313484,3.214810986824176,1.0621256306214573,AVOID,0.09963660440634325,8.252730074128271,0.29549097118854856,0.08,0.0
13.05000000000005,3.1164453899245266,3.2183045575131604,1.0621256306214573,AVOID,0.0981298003081445,8.248891867360939,0.2944366895261455,0.08,0.0
13.100000000000051,3.1183934566177047,3.2217981282021446,1.0621256306214573,AVOID,0.09664533360868088,8.245053814403255,0.2934012568017303,0.08,0.0
13.150000000000052,3.120341523310883,3.225291698891129,1.0621256306214573,AVOID,0.09518374614541136,8.241215915470114,0.2923847472351995,0.08,0.0
13.200000000000053,3.122289590004061,3.228785269580113,1.0621256306214573,AVOID,0.09374560289304662,8.237378170776799,0.2913872340695581,0.08,0.0
13.250000000000053,3.124237656697239,3.2322788402690974,1.0621256306214573,AVOID,0.09233149337628471,8.23354058053899,0.290408789546963,0.08,0.0
13.300000000000054,3.1261857233904173,3.2357724109580817,1.0621256306214573,AVOID,0.09094203319560346,8.229703144972762,0.2894494848848785,0.08,0.0
13.350000000000055,3.1281337900835955,3.239265981647066,1.0621256306214573,AVOID,0.08957786567738102,8.225865864294578,0.2885093902523583,0.08,0.0
13.400000000000055,3.1300818567767736,3.24275955233605,1.0621256306214573,AVOID,0.0882396636609627,8.222028738721303,0.28758857474647265,0.08,0.0
13.450000000000056,3.132029923469952,3.2462531230250344,1.0621256306214573,AVOID,0.08692813143683797,8.218191768470192,0.286687106368896,0.08,0.0
13.500000000000057,3.13397799016313,3.2497466937140187,1.0621256306214573,AVOID,0.0856440068518548,8.214354953758905,0.2858050520026731,0.08,0.0
13.550000000000058,3.135926056856308,3.253240264403003,1.0621256306214573,AVOID,0.08438806359942153,8.210518294805492,0.2849424773891788,0.08,0.0
13.600000000000058,3.1378741235494862,3.256733835091987,1.0621256306214573,AVOID,0.08316111371497947,8.206681791828405,0.2840994471052906,0.08,0.0
13.650000000000059,3.1398221902426644,3.2602274057809715,1.0621256306214573,AVOID,0.0819640102996978,8.2028454450465,0.2832760245407891,0.08,0.0
13.70000000000006,3.1417702569358426,3.2637209764699557,1.0621256306214573,AVOID,0.08079765049845772,8.199009254679028,0.2824722718760045,0.08,0.0
13.75000000000006,3.1437183236290207,3.26721454715894,1.0621256306214573,AVOID,0.07966297876177197,8.195173220945643,0.28168825005972603,0.08,0.0
13.800000000000061,3.145666390322199,3.2707081178479243,1.0621256306214573,AVOID,0.0785609904254716,8.191337344066401,0.280924018787391,0.08,0.0
13.850000000000062,3.147614457015377,3.2742016885369085,1.0621256306214573,AVOID,0.07749273564685238,8.187501624261763,0.2801796364795713,0.08,0.0
13.900000000000063,3.149562523708555,3.2776952592258928,1.0621256306214573,AVOID,0.07645932374168513,8.183666061752595,0.2794551602607735,0.08,0.0
13.950000000000063,3.1515105904017333,3.281188829914877,1.0621256306214573,AVOID,0.07546192797316836,8.179830656760167,0.2787506459385702,0.08,0.0
14.000000000000064,3.1534586570949115,3.2846824006038613,1.0621256306214573,AVOID,0.07450179085179187,8.175995409506152,0.2780661479830789,0.08,0.0
14.050000000000065,3.1554067237880896,3.2881759712928456,1.0621256306214573,AVOID,0.07358023001439162,8.172160320212635,0.2774017195068054,0.08,0.0
14.100000000000065,3.1573547904812678,3.29166954198183,1.0621256306214573,AVOID,0.0726986447617356,8.16832538910211,0.27675741224486855,0.08,0.0
14.150000000000066,3.159302857174446,3.295163112670814,1.0621256306214573,AVOID,0.07185852334715576,8.16449061639747,0.2761332765356221,0.08,0.0
14.200000000000067,3.161250923867624,3.2986566833597983,1.0621256306214573,AVOID,0.07106145112451345,8.16065600232203,0.2755293613016911,0.08,0.0
14.250000000000068,3.1631989905608022,3.3021502540487826,1.0621256306214573,AVOID,0.0703091196827407,8.156821547099506,0.2749457140314368,0.08,0.0
14.300000000000068,3.1651470572539804,3.305643824737767,1.0621256306214573,AVOID,0.06960333711708636,8.152987250954034,0.2743823807608687,0.08,0.0
14.350000000000069,3.1670951239471585,3.309137395426751,1.0621256306214573,AVOID,0.06894603961498555,8.149153114110156,0.27383940605601614,0.08,0.0
14.40000000000007,3.1690431906403367,3.3126309661157354,1.0621256306214573,AVOID,0.06833930456834644,8.145319136792828,0.27331683299577775,0.08,0.0
14.45000000000007,3.170991257333515,3.3161245368047196,1.0621256306214573,AVOID,0.06778536546561426,8.141485319227424,0.2728147031552611,0.08,0.0
14.500000000000071,3.172939324026693,3.319618107493704,1.0621256306214573,AVOID,0.06728662886823852,8.137651661639733,0.27233305658962886,0.08,0.0
14.550000000000072,3.174887390719871,3.323111678182688,1.0621256306214573,AVOID,0.06684569383979139,8.133818164255956,0.27187193181846564,0.08,0.0
14.600000000000072,3.1768354574130493,3.3266052488716724,1.0621256306214573,AVOID,0.06646537427545157,8.129984827302714,0.2714313658106779,0.08,0.0
14.650000000000073,3.1787835241062274,3.3300988195606567,1.0621256306214573,AVOID,0.06614872467952049,8.126151651007048,0.2710113939699426,0.08,0.0
14.700000000000074,3.1807315907994056,3.333592390249641,1.0621256306214573,AVOID,0.06589907006523607,8.122318635596415,0.27061205012071626,0.08,0.0
14.750000000000075,3.1826796574925837,3.337085960938625,1.0621256306214573,AVOID,0.06572004081280108,8.118485781298691,0.2702333664948174,0.08,0.0
14.800000000000075,3.184627724185762,3.3405795316276095,1.0621256306214573,AVOID,0.06561561352961112,8.114653088342177,0.2698753737185953,0.08,0.0
14.850000000000076,3.18657579087894,3.3440731023165937,1.0621256306214573,AVOID,0.06559015922692238,8.110820556955593,0.26953810080069546,0.08,0.0
14.900000000000077,3.188523857572118,3.347566673005578,1.0621256306214573,AVOID,0.06564850048152587,8.106988187368087,0.26922157512043426,0.08,0.0
14.950000000000077,3.1904719242652964,3.3510602436945622,1.0621256306214573,AVOID,0.06579597972038995,8.10315597980922,0.26892582241679314,0.08,0.0
15.000000000000078,3.1924199909584745,3.3545538143835465,1.0621256306214573,AVOID,0.06603854139491697,8.099323934508986,0.2686508667780427,0.08,0.0
15.050000000000079,3.1943680576516527,3.3580473850725308,1.0621256306214573,AVOID,0.06638283166367917,8.095492051697805,0.26839673063200525,0.08,0.0
15.10000000000008,3.196316124344831,3.361540955761515,1.0621256306214573,AVOID,0.0668363203728044,8.091660331606523,0.2681634347369672,0.08,0.0
15.15000000000008,3.198264191038009,3.3650345264504993,1.0621256306214573,AVOID,0.06740745175326057,8.08782877446641,0.26795099817324725,0.08,0.0
15.200000000000081,3.200212257731187,3.3685280971394835,1.0621256306214573,AVOID,0.068105832560271,8.083997380509164,0.26775943833543087,0.08,0.0
15.250000000000082,3.2021603244243653,3.372021667828468,1.0621256306214573,AVOID,0.06894246969834342,8.080166149966919,0.2675887709252756,0.08,0.0
15.300000000000082,3.2041083911175434,3.375515238517452,1.0621256306214573,AVOID,0.0699300742411538,8.07633508307224,0.26743900994529685,0.08,0.0
15.350000000000083,3.2060564578107216,3.3790088092064363,1.0621256306214573,AVOID,0.07108345604147165,8.072504180058113,0.267310167693038,0.08,0.0
15.400000000000084,3.2080045245038997,3.3825023798954206,1.0621256306214573,AVOID,0.07242004429467647,8.068673441157964,0.26720225475603104,0.08,0.0
15.450000000000085,3.209952591197078,3.385995950584405,1.0621256306214573,AVOID,0.07396058699613692,8.064842866605655,0.2671152800074535,0.08,0.0
15.500000000000085,3.211900657890256,3.389489521273389,1.0621256306214573,AVOID,0.07573011073458003,8.06101245663548,0.2670492506024837,0.08,0.0
15.550000000000086,3.213848724583434,3.3929830919623734,1.0621256306214573,AVOID,0.07775927009115921,8.057182211482163,0.26700417197536014,0.08,0.0
15.600000000000087,3.2157967912766123,3.3964766626513576,1.0621256306214573,AVOID,0.08008629941527984,8.05335213138087,0.2669800478371465,0.08,0.0
15.650000000000087,3.2177448579697905,3.399970233340342,1.0621256306214573,AVOID,0.08275993246202434,8.049522216567205,0.2669768801742038,0.08,0.0
15.700000000000088,3.2196929246629686,3.403463804029326,1.0621256306214573,AVOID,0.08584395054103236,8.04569246727721,0.2669946692473734,0.08,0.0
15.750000000000089,3.221640991356147,3.4069573747183104,1.0621256306214573,AVOID,0.08942462986131136,8.041862883747365,0.26703341359186955,0.08,0.0
15.80000000000009,3.223589058049325,3.4104509454072947,1.0621256306214573,AVOID,0.09362372896182337,8.038033466214587,0.2670931100178818,0.08,0.0
15.85000000000009,3.225537124742503,3.413944516096279,1.0621256306214573,AVOID,0.09862308117086334,8.034204214916242,0.2671737536118887,0.08,0.0
15.900000000000091,3.2274851914356812,3.417438086785263,1.0621256306214573,AVOID,0.10471672801685109,8.030375130090134,0.26727533773867823,0.08,0.0
15.950000000000092,3.2294332581288594,3.4209316574742474,1.0621256306214573,AVOID,0.11244145751683206,8.02654621197451,0.2673978540440764,0.08,0.0
16.000000000000092,3.2313813248220375,3.4244252281632317,1.0621256306214573,AVOID,0.12300882870400194,8.022717460808064,0.2675412924583787,0.08,0.0
16.050000000000093,3.2333293915152157,3.427918798852216,1.0621256306214573,AVOID,0.14104340547460276,8.018888876829932,0.26770564120048285,0.08,0.0
16.100000000000094,3.235277458208394,3.4314123695412,1.0621256306214573,RUN,1.8,8.015060460279699,0.26789088678271805,0.55,-1.323143073706449
16.150000000000095,3.2494548506132253,3.4549702929897714,0.9959684769361346,AVOID,0.1101857284235235,7.988499481552322,0.2688209609609314,0.08,0.0
16.200000000000095,3.251629611875435,3.458327436634656,0.9959684769361346,AVOID,0.11757306249338724,7.984603742116673,0.268906262164845,0.08,0.0
16.250000000000096,3.253804373137645,3.461684580279541,0.9959684769361346,AVOID,0.1275007616853754,7.980708105831553,0.2690124553713971,0.08,0.0
16.300000000000097,3.2559791343998548,3.4650417239244256,0.9959684769361346,AVOID,0.14336460338511683,7.976812572848088,0.2691395318874276,0.08,0.0
16.350000000000097,3.2581538956620646,3.4683988675693103,0.9959684769361346,AVOID,1.8,7.972917143317696,0.26928748131657004,0.275,-0.6544984694978735
16.400000000000098,3.2658171121751236,3.479814678565418,0.9632435534612407,AVOID,0.1297674938926336,7.959478586817447,0.26973034015112246,0.08,0.0
16.4500000000001,3.2681005517038795,3.4830988685596957,0.9632435534612407,AVOID,0.14490116856746801,7.955555881235747,0.26984004853465976,0.08,0.0
16.5000000000001,3.2703839912326353,3.4863830585539737,0.9632435534612407,RUN,1.8,7.951633252667272,0.26997061659286176,0.55,-0.886745242810199
16.5500000000001,3.286577954350753,3.508606507447997,0.9189062913207309,AVOID,0.15846809562208117,7.924556388956629,0.2708232595205749,0.08,0.0
16.6000000000001,3.289004714152859,3.511786261662222,0.9189062913207309,AVOID,1.8,7.920603335141068,0.2709407018259668,0.275,-0.6544984694978735
16.6500000000001,3.2975240444929934,3.5225782326861146,0.886181367845837,AVOID,0.1373650626727413,7.906983068160669,0.27127837842644514,0.08,0.0
16.700000000000102,3.3000535436189975,3.5256768830651577,0.886181367845837,AVOID,0.15349154935649134,7.903012286098103,0.27135739834132294,0.08,0.0
16.750000000000103,3.3025830427450016,3.528775533444201,0.886181367845837,AVOID,1.8,7.899041533518836,0.2714572450908617,0.275,0.0
16.800000000000104,3.3112781959906408,3.539427144122162,0.886181367845837,AVOID,1.8,7.88539229701106,0.27195918709406713,0.275,0.0
16.850000000000104,3.31997334923628,3.5500787548001234,0.886181367845837,AVOID,1.8,7.871743411231535,0.27270663193269534,0.275,0.0
16.900000000000105,3.328668502481919,3.5607303654780846,0.886181367845837,RUN,1.8,7.858094878007827,0.2736988648507835,0.55,-0.5475001196497351
16.950000000000106,3.3463482067285644,3.5817929111857745,0.8588063618633504,RUN,1.8,7.830756454956191,0.27603946573966104,0.55,-0.18268224565166027
17.000000000000107,3.3644099326738073,3.602529805792704,0.8496722495807676,RUN,1.8,7.803368497277428,0.2788505909131533,0.55,-0.19699881229951502
17.050000000000107,3.3826676668157374,3.6230943147743773,0.8398223089657919,RUN,1.8,7.77595893052741,0.2823647260541949,0.55,-0.17159461274283133
17.100000000000108,3.4011141396827327,3.6434897309187706,0.8312425783286503,RUN,1.8,7.748530514854626,0.286579609659765,0.55,-0.15326280764005565
17.15000000000011,3.4197256539909113,3.6637346768151144,0.8235794379466475,RUN,1.8,7.721087318257233,0.29151312930185885,0.55,-0.13645470944436805
17.20000000000011,3.4384833212390475,3.683844301023703,0.8167567024744291,RUN,1.8,7.693632379045312,0.2971751175873078,0.55,-0.12154038543890833
17.25000000000011,3.457370309601476,3.703832531141216,0.8106796832024838,RUN,1.8,7.666168126455699,0.3035709405195833,0.55,-0.10825201400071666
17.30000000000011,3.4763718202989886,3.7237119361861417,0.8052670825024482,RUN,1.8,7.638696485653276,0.3107015345216058,0.55,-0.09641831962244847
17.35000000000011,3.4954748047429742,3.7434938602748713,0.8004461665213256,RUN,1.8,7.611218983985902,0.3185638529233911,0.55,-0.08587924279160687
17.400000000000112,3.514667749242941,3.763188522481592,0.7961522043817455,RUN,1.8,7.583736833004164,0.327151273723056,0.55,-0.07649311571199993
17.450000000000113,3.5339404851714518,3.782805115660891,0.7923275485961456,RUN,1.8,7.556250993768132,0.33645401320086304,0.55,-0.06813369924447396
17.500000000000114,3.55328402453949,3.8023518993689343,0.7889208636339218,RUN,1.8,7.528762228635625,0.34645953418863434,0.55,-0.06068859705929325
17.550000000000114,3.572690416961172,3.8218362867828337,0.785886433780957,RUN,1.8,7.501271142348082,0.35715294396520364,0.55,-0.054057725627548146
17.600000000000115,3.5921526250443696,3.8412649253383724,0.7831835474995796,RUN,1.8,7.473778214622014,0.36851737643394095,0.55,-0.04815196548549723
17.650000000000116,3.611664415642135,3.8606437710823,0.7807759492253048,RUN,1.8,7.446283826001556,0.38053435398414065,0.55,-0.04289195903617511
17.700000000000117,3.63122026478999,3.8799781568820766,0.7786313512734959,RUN,1.8,7.418788278365027,0.39318412528941343,0.55,-0.03820704044497106
17.750000000000117,3.650815274476445,3.8992728547391735,0.7767209992512472,RUN,1.8,7.391291811190732,0.4064459762542925,0.55,-0.034034282926853315
17.800000000000118,3.6704450996659688,3.9185321325171945,0.7750192851049045,RUN,1.8,7.363794614458957,0.42029851229376464,0.55,-0.03031765055073379
17.85000000000012,3.6901058842227474,3.9377598054340197,0.7735034025773677,RUN,1.8,7.336296838885768,0.4347199110563235,0.55,-0.02700724308040816
17.90000000000012,3.7097942045768555,3.9569592826851565,0.7721530404233472,RUN,1.8,7.3087986040404775,0.44968814553309605,0.55,-0.024058623637103635
17.95000000000012,3.7295070201378806,3.976133609569379,0.7709501092414919,RUN,1.8,7.281300004784467,0.4651811782047705,0.55,-0.021432220091845713
18.00000000000012,3.7492416295993785,3.9952855054815917,0.7698784982368996,RUN,1.8,7.253801116378559,0.48117712745045166,0.55,-0.01909279209519399
18.05000000000012,3.768995632394997,4.014417398124969,0.7689238586321396,RUN,1.8,7.226301998534355,0.4976544078766329,0.55,-0.017008956541236842
18.100000000000122,3.788766894667031,4.033531454277192,0.7680734108050777,RUN,1.8,7.198802698627899,0.5145918465277259,0.55,-0.01515276505416117
18.150000000000123,3.808553519193346,4.052629607425587,0.7673157725523696,RUN,1.8,7.171303254248958,0.5319687771253994,0.55,-0.013499327789725443
18.200000000000124,3.8283538187914843,4.071713582564776,0.7666408061628833,RUN,1.8,7.143803695223235,0.5497651145696265,0.55,-0.012026478471042846
18.250000000000124,3.848166292781052,4.09078491842844,0.7660394822393313,RUN,1.8,7.116304045216659,0.5679614119376952,0.55,-0.010714476135619835
18.300000000000125,3.8679896061393393,4.109844987405552,0.7655037584325504,RUN,1.8,7.0888043230079685,0.5865389021573302,0.55,-0.009545739567398397
18.350000000000126,3.8878225710310446,4.128895013370055,0.7650264714541803,RUN,1.8,7.061304543498372,0.6054795264220509,0.55,-0.00850461082917933
18.400000000000126,3.907664130433048,4.147936087633369,0.7646012409127216,RUN,1.8,7.033804718512505,0.624765951277138,0.55,-0.007577144704603216
18.450000000000127,3.9275133436096326,4.166969183209879,0.7642223836774917,RUN,1.8,7.006304857433861,0.6443815761440896,0.55,-0.006750921208558823
18.500000000000128,3.947369373223353,4.1859951675680875,0.7638848376170637,RUN,1.8,6.978804967708954,0.6643105328814549,0.55,-0.006014878637087438
18.55000000000013,3.967231473892923,4.205014814023606,0.7635840936852092,RUN,1.8,6.951305055247329,0.6845376788076609,0.55,-0.005359164904972155
18.60000000000013,3.9870989820320375,4.224028811915105,0.7633161354399607,RUN,1.8,6.923805124738945,0.7050485844431125,0.55,-0.004775005166393441
18.65000000000013,4.006971306822919,4.243037775690453,0.7630773851816413,RUN,1.8,6.896305179905951,0.7258295170685654,0.55,-0.004254583933866186
18.70000000000013,4.026847922195486,4.262042253017654,0.7628646559849477,RUN,1.8,6.868805223702401,0.746867421047281,0.55,-0.0037909401065918747
18.75000000000013,4.0467283596981645,4.281042732023167,0.762675108979618,RUN,1.8,6.841305258472963,0.7681498957209989,0.55,-0.0033778734932446387
18.800000000000132,4.066612202159973,4.300039647750637,0.7625062153049558,RUN,1.7886655806928702,6.813805286078611,0.7896651715668475,0.55,-0.0030098615698865155
18.850000000000133,4.086499078054715,4.319033387922573,0.7623557222264612,RUN,1.7599885706229514,6.78630530799645,0.8114020851908359,0.55,-0.0026819853513238407
18.900000000000134,4.106388656488491,4.338024298079603,0.762221622958895,RUN,1.73136577830353,6.758805325398912,0.8333500536366811,0.55,-0.002389863377661061
18.950000000000134,4.126280642741051,4.357012686163586,0.7621021297900121,RUN,1.702798895245655,6.731305339216641,0.8554990484029055,0.55,-0.002129592926614331
19.000000000000135,4.146174774298828,4.375998826604615,0.7619956501436813,RUN,1.6742893269398542,6.703805350188423,0.8778395694878682,0.55,-0.0018976976605991724
19.050000000000136,4.166070817325334,4.394982963965077,0.7619007652606511,RUN,1.645838233516201,6.676305358900657,0.9003626197184467,0.55,-0.0016910810032850449
19.100000000000136,4.185968563519992,4.413965316188211,0.7618162112104869,RUN,1.6174465651146916,6.64880536581892,0.9230596795636954,0.55,-0.0015069846182790927
19.150000000000137,4.205867827322464,4.432946077494307,0.7617408619795731,RUN,1.589115092607846,6.621305371312855,0.945922682589803,0.55,-0.0013429514313234667
19.200000000000138,4.225768443424329,4.451925420962539,0.761673714408007,RUN,1.5608444342500374,6.593805375675698,0.968943991673531,0.55,-0.0011967926983192166
19.25000000000014,4.245670264553723,4.470903500831355,0.761613874773091,RUN,1.5326350787657903,6.566305379140567,0.9921163760581246,0.55,-0.0010665586758444958
19.30000000000014,4.26557315950339,4.489880454550075,0.7615605468392985,RUN,1.5044874053279464,6.538805381892334,1.0154329893125749,0.55,-0.0009505125007801961
19.35000000000014,4.285477011374894,4.508856404606149,0.7615130212142596,RUN,1.4764017008277994,6.511305384077897,1.038887348228286,0.55,-0.0008471069261439699
19.40000000000014,4.30538171601512,4.527831460154744,0.7614706658679524,RUN,1.448378174787592,6.483805385813704,1.0624733126744992,0.55,-0.0007549636023807705
19.45000000000014,4.325287180624116,4.546805718469955,0.7614329176878334,RUN,1.4204169722258864,6.456305387192363,1.0861850664150043,0.55,-0.0006728546234544102
19.500000000000142,4.34519332251557,4.565779266238565,0.7613992749566609,RUN,1.3925181847453487,6.428805388287426,1.1100170988811295,0.55,-0.0005996860914800138
19.550000000000143,4.3651000680124525,4.584752180713394,0.761369290652087,RUN,1.3646818600804136,6.401305389157223,1.1339641878851152,0.55,-0.000534483478653896
19.600000000000144,4.385007351463969,4.6037245307401236,0.7613425664781541,RUN,1.33690801031164,6.373805389848184,1.1580213832503594,0.55,-0.0004763785886173638
19.650000000000144,4.404915114369942,4.6226963776729235,0.7613187475487235,RUN,1.3091966189262352,6.346305390397121,1.182183991332437,0.55,-0.00042459794397859996
19.700000000000145,4.424823304600636,4.641667776190388,0.7612975176515246,RUN,1.281547646882216,6.318805390833197,1.2064475603988505,0.55,-0.00037845244304417675
19.750000000000146,4.444731875702246,4.660638775022107,0.7612785950293723,RUN,1.253961037812233,6.291305391179546,1.2308078668333562,0.55,-0.00033732814654555864
19.800000000000146,4.464640786277414,4.679609417596794,0.7612617286220451,RUN,1.2264367224857544,6.263805391454676,1.2552609021300951,0.55,-0.0003006780722813576
19.850000000000147,4.484549999434648,4.698579742618676,0.7612466947184311,RUN,1.198974622631769,6.236305391673507,1.2798028606399605,0.55,-0.00026801488468416974
19.900000000000148,4.504459482297534,4.717549784582843,0.7612332939741968,RUN,1.1715746542106062,6.2088053918472115,1.3044301280347863,0.55,-0.00023890438502075027
19.95000000000015,4.52436920556579,4.736519574233398,0.7612213487549457,RUN,1.1442367302150425,6.181305391984994,1.3291392704494782,0.55,-0.00021295971239405301
20.00000000000015,4.544279143127142,4.755489138970233,0.7612107007693263,RUN,1.1169607630636138,6.153805392094509,1.3539270242674877,0.55,-0.00018983617580980433
20.05000000000015,4.564189271708756,4.774458503215101,0.7612012089605358,RUN,1.0897466666459037,6.126305392181724,1.3379689022837,0.55,-0.0001692266555210366
20.10000000000015,4.584099570570288,4.793427688734937,0.7611927476277596,RUN,1.0625943580682664,6.098805392250142,1.3111677434086095,0.55,-0.00015085750103422372
20.15000000000015,4.60401002122353,4.812396714929491,0.7611852047527079,RUN,1.0355037591505798,6.071305392305387,1.2843869479625862,0.55,-0.00013448488265928665
20.200000000000152,4.623920607193668,4.8313655990909865,0.7611784805085748,RUN,1.0084747976936552,6.043805392348953,1.2576274144397084,0.55,-0.00011989153530294851
20.250000000000153,4.6438313137941805,4.850334356633084,0.7611724859318096,RUN,0.9815074085736422,6.01630539238326,1.2308900932618663,0.55,-0.00010688386554838069
20.300000000000153,4.66374212793562,4.869303001293247,0.7611671417385324,RUN,0.9546015346711392,5.988805392410517,1.2041759906339016,0.55,-9.528936532848884e-05
20.350000000000154,4.683653037950535,4.888271545317366,0.7611623772702658,RUN,0.9277571276685255,5.961305392432138,1.1774861727306054,0.55,-8.495431665215904e-05
20.400000000000155,4.703564033438852,4.907239999621197,0.761158129554433,RUN,0.9009741487348653,5.9338053924493455,1.15082177024807,0.55,-7.574174108916228e-05
20.450000000000156,4.723475105131001,4.926208373934969,0.7611543424673783,RUN,0.8742525691145164,5.906305392462523,1.1241839833559468,0.55,-6.752957476733496e-05
20.500000000000156,4.743386244764224,4.945176676930714,0.76115096598864,RUN,0.8475923706384249,5.878805392472952,1.097574087096602,0.55,-6.02090424742705e-05
20.550000000000157,4.763297444971613,4.964144916340956,0.7611479555365164,RUN,0.8209935461670287,5.851305392481289,1.0709934372742005,0.55,-5.368321244358965e-05
20.600000000000158,4.783208699187526,4.983113099057846,0.7611452713758942,RUN,0.7944560999779255,5.8238053924876665,1.0444434768882733,0.55,-4.7865700707570644e-05
20.65000000000016,4.803120001557545,5.002081231226839,0.7611428780908587,RUN,0.7679800481111412,5.796305392492277,1.0179257431741011,0.55,-4.26795268591089e-05
20.70000000000016,4.823031346864809,5.021049318322184,0.7611407441145159,RUN,0.7415654186758408,5.7688053924966445,0.9914418753116765,0.55,-3.8056082332116307e-05
20.75000000000016,4.842942730458162,5.040017365228778,0.7611388413103994,RUN,0.7152122521268193,5.741305392499189,0.9649936228786351,0.55,-3.3934228342869065e-05
20.80000000000016,4.8628541481866705,5.058985376297642,0.7611371445989823,RUN,0.6889206015281236,5.7138053925043755,0.9385828551421931,0.55,-3.025947518916546e-05
20.85000000000016,4.882765596357785,5.077953355414138,0.7611356316252227,RUN,0.6626905327755149,5.686305392505953,0.9122115712504637,0.55,-2.69832592317903e-05
20.900000000000162,4.90267707167186,5.096921306036165,0.7611342824622609,RUN,0.6365221248439085,5.658805392508026,0.8858819114910501,0.55,-2.4062299470976806e-05
20.950000000000163,4.922588571189408,5.115889231245092,0.7611330793472875,RUN,0.6104154699940452,5.631305392513629,0.8595961696669043,0.55,-2.1458018525352114e-05
21.000000000000163,4.942500092292903,5.134857133798505,0.7611320064463611,RUN,0.5843706739814077,5.6038053925160005,0.833356806764117,0.55,-1.913603891664435e-05
21.050000000000164,4.962411632648582,5.153825016146584,0.7611310496444155,RUN,0.5583878562814062,5.576305392514951,0.8071664660769491,0.55,-1.7065712473009067e-05
21.100000000000165,4.982323190171883,5.172792880472116,0.761130196358792,AVOID,0.5324671503047871,5.54880539251428,0.781027989933607,0.275,1.5271630954950384
21.150000000000166,4.991907389434527,5.182647512912507,0.837488351133544,AVOID,0.5262583665012648,5.53506877875448,0.7681581285474406,0.275,1.5271630954950384
21.200000000000166,5.0007119110787235,5.1932045510699725,0.9138465059082961,AVOID,0.526054683445106,5.521412573624794,0.7557174481137829,0.275,0.6544984694978735
21.250000000000167,5.0089294581647135,5.20422805087332,0.9465714293831899,AVOID,0.5211905598644595,5.507860633647366,0.7436422473171485,0.275,0.6544984694978735
21.300000000000168,5.016781926670029,5.215514519160518,0.9792963528580838,AVOID,0.5177489975348409,5.494393194374369,0.7318247588462499,0.275,0.6544984694978735
21.35000000000017,5.02426090797471,5.227051870098627,1.0120212763329777,AVOID,0.5158418722160614,5.481025352868234,0.7202848639424808,0.275,0.6544984694978735
21.40000000000017,5.031358393398249,5.238827749203286,1.0447461998078715,AVOID,0.5156246987491329,5.4677722064670675,0.7090425706607439,0.275,0.6544984694978735
21.45000000000017,5.0380667827754815,5.250829546568194,1.0774711232827654,AVOID,0.5173115203180606,5.454648834401082,0.6981179608720225,0.275,0.6544984694978735
21.50000000000017,5.044378892595035,5.263044410368121,1.1101960467576593,AVOID,0.5211984159884293,5.441670278896786,0.6875311314259505,0.275,0.6544984694978735
21.55000000000017,5.0502879636916145,5.275459260620961,1.1429209702325531,AVOID,0.5277021467333523,5.428851525788257,0.6773021294005803,0.275,0.0
21.600000000000172,5.055993369921038,5.28796968986049,1.1429209702325531,AVOID,0.5180783607231576,5.416120135438397,0.6672942058318814,0.275,0.0
21.650000000000173,5.061698776150461,5.300480119100019,1.1429209702325531,AVOID,0.508500305945542,5.403393737175645,0.6573584516198889,0.275,0.0
21.700000000000173,5.067404182379884,5.312990548339548,1.1429209702325531,AVOID,0.4989688805271335,5.3906723663562355,0.6474966270571765,0.275,0.0
21.750000000000174,5.073109588609308,5.325500977579077,1.1429209702325531,AVOID,0.4894850180302618,5.377956058656902,0.6377105364028253,0.275,0.0
21.800000000000175,5.078814994838731,5.338011406818606,1.1429209702325531,AVOID,0.4800496894316656,5.365244850078347,0.6280020285621364,0.275,0.0
21.850000000000176,5.084520401068154,5.350521836058135,1.1429209702325531,AVOID,0.4706639052466288,5.352538776948745,0.6183729977294232,0.275,0.0
21.900000000000176,5.0902258072975775,5.363032265297664,1.1429209702325531,AVOID,0.46132871781184004,5.339837875927294,0.6088253839884141,0.275,0.0
21.950000000000177,5.095931213527001,5.375542694537193,1.1429209702325531,AVOID,0.4520452237417564,5.327142184007807,0.5993611738643914,0.275,0.0
22.000000000000178,5.101636619756424,5.388053123776722,1.1429209702325531,AVOID,0.44281456657488993,5.314451738522348,0.5899824008217855,0.275,0.0
22.05000000000018,5.107342025985847,5.4005635530162515,1.1429209702325531,AVOID,0.4336379396283139,5.30176657714492,0.5806911457005082,0.275,0.0
22.10000000000018,5.113047432215271,5.4130739822557805,1.1429209702325531,AVOID,0.42451658908081324,5.2890867378951825,0.571489537083886,0.275,0.0
22.15000000000018,5.118752838444694,5.42558441149531,1.1429209702325531,AVOID,0.4154518173075066,5.2764122591422336,0.5623797515906086,0.275,0.0
22.20000000000018,5.124458244674117,5.438094840734839,1.1429209702325531,AVOID,0.4064449864915265,5.263743179608424,0.5533640140826677,0.275,0.0
22.25000000000018,5.13016365090354,5.450605269974368,1.1429209702325531,AVOID,0.3974975225414701,5.251079538373223,0.544444597780823,0.08,0.0
22.300000000000182,5.131823405443009,5.454244667571322,1.1429209702325531,AVOID,0.39490598357152107,5.247396596801591,0.541868276248221,0.08,0.0
22.350000000000183,5.133483159982477,5.457884065168276,1.1429209702325531,AVOID,0.392319632567824,5.24371411977502,0.5393003602800841,0.08,0.0
22.400000000000183,5.135142914521945,5.46152346276523,1.1429209702325531,AVOID,0.389738507964729,5.240032108272896,0.5367409081455146,0.08,0.0
22.450000000000184,5.136802669061414,5.4651628603621845,1.1429209702325531,AVOID,0.3871626487367794,5.23635056327724,0.5341899784587081,0.08,0.0
22.500000000000185,5.138462423600882,5.468802257959139,1.1429209702325531,AVOID,0.38459209440941755,5.232669485772711,0.5316476301784465,0.08,0.0
22.550000000000185,5.14012217814035,5.472441655556093,1.1429209702325531,AVOID,0.38202688506996274,5.228988876746616,0.5291139226075094,0.08,0.0
22.600000000000186,5.141781932679819,5.476081053153047,1.1429209702325531,AVOID,0.37946706137887465,5.225308737188915,0.5265889153920102,0.08,0.0
22.650000000000187,5.143441687219287,5.479720450750001,1.1429209702325531,AVOID,0.37691266458131045,5.221629068092236,0.5240726685206456,0.08,0.0
22.700000000000188,5.145101441758755,5.4833598483469554,1.1429209702325531,AVOID,0.3743637365189836,5.2179498704518785,0.5215652423238646,0.08,0.0
22.75000000000019,5.146761196298224,5.48699924594391,1.1429209702325531,AVOID,0.37182031964233675,5.214271145265823,0.5190666974729503,0.08,0.0
22.80000000000019,5.148420950837692,5.490638643540864,1.1429209702325531,AVOID,0.3692824570230351,5.2105928935347405,0.5165770949790143,0.08,0.0
22.85000000000019,5.15008070537716,5.494278041137818,1.1429209702325531,AVOID,0.36675019236679485,5.206915116262,0.5140964961919023,0.08,0.0
22.90000000000019,5.1517404599166285,5.497917438734772,1.1429209702325531,AVOID,0.3642235700265559,5.203237814453679,0.5116249627990077,0.08,0.0
22.95000000000019,5.153400214456097,5.501556836331726,1.1429209702325531,AVOID,0.3617026350160072,5.19956098911857,0.509162556823991,0.08,0.0
23.000000000000192,5.155059968995565,5.505196233928681,1.1429209702325531,AVOID,0.35918743302348344,5.195884641268189,0.5067093406254068,0.08,0.0
23.050000000000193,5.1567197235350335,5.508835631525635,1.1429209702325531,AVOID,0.35667801042623837,5.192208771916788,0.5042653768952308,0.08,0.0
23.100000000000193,5.158379478074502,5.512475029122589,1.1429209702325531,AVOID,0.35417441430511204,5.188533382081359,0.5018307286572883,0.08,0.0
23.150000000000194,5.16003923261397,5.516114426719543,1.1429209702325531,AVOID,0.35167669245960304,5.184858472781644,0.4994054592655819,0.08,0.0
23.200000000000195,5.1616989871534384,5.519753824316497,1.1429209702325531,AVOID,0.3491848934233594,5.181184045040148,0.49698963240251715,0.08,0.0
23.250000000000195,5.163358741692907,5.523393221913452,1.1429209702325531,AVOID,0.34669906648010596,5.17751009988214,0.49458331207702,0.08,0.0
23.300000000000196,5.165018496232375,5.527032619510406,1.1429209702325531,AVOID,0.344219261680018,5.17383663833567,0.49218656262255056,0.08,0.0
23.350000000000197,5.166678250771843,5.53067201710736,1.1429209702325531,AVOID,0.3417455298565603,5.170163661431573,0.4897994486950046,0.08,0.0
23.400000000000198,5.168338005311312,5.534311414704314,1.1429209702325531,AVOID,0.3392779226438061,5.166491170203479,0.4874220352705063,0.08,0.0
23.4500000000002,5.16999775985078,5.537950812301268,1.1429209702325531,AVOID,0.33681649249425594,5.1628191656878215,0.4850543876430866,0.08,0.0
23.5000000000002,5.171657514390248,5.541590209898223,1.1429209702325531,AVOID,0.3343612926971678,5.159147648923848,0.4826965714222462,0.08,0.0
23.5500000000002,5.173317268929717,5.545229607495177,1.1429209702325531,AVOID,0.3319123773974247,5.155476620953629,0.4803486525304015,0.08,0.0
23.6000000000002,5.174977023469185,5.548869005092131,1.1429209702325531,AVOID,0.3294698016149521,5.151806082822065,0.4780106972002107,0.08,0.0
23.6500000000002,5.176636778008653,5.552508402689085,1.1429209702325531,AVOID,0.3270336212647091,5.148136035576898,0.47568277197178044,0.08,0.0
23.700000000000202,5.178296532548122,5.556147800286039,1.1429209702325531,AVOID,0.32460389317727334,5.144466480268717,0.47336494368974624,0.08,0.0
23.750000000000203,5.17995628708759,5.559787197882994,1.1429209702325531,AVOID,0.32218067512003895,5.140797417950972,0.47105727950022924,0.08,0.0
23.800000000000203,5.181616041627058,5.563426595479948,1.1429209702325531,AVOID,0.3197640258190558,5.13712884967998,0.4687598468476657,0.08,0.0
23.850000000000204,5.183275796166527,5.567065993076902,1.1429209702325531,AVOID,0.3173540049815256,5.133460776514937,0.4664727134715059,0.08,0.0
23.900000000000205,5.184935550705995,5.570705390673856,1.1429209702325531,AVOID,0.3149506733189891,5.1297931995179225,0.4641959474027828,0.08,0.0
23.950000000000205,5.186595305245463,5.57434478827081,1.1429209702325531,AVOID,0.3125540925712208,5.126126119753912,0.461929616960546,0.08,0.0
24.000000000000206,5.1882550597849315,5.577984185867765,1.1429209702325531,AVOID,0.31016432553086404,5.122459538290789,0.45967379074816095,0.08,0.0
24.050000000000207,5.1899148143244,5.581623583464719,1.1429209702325531,AVOID,0.30778143606883407,5.118793456199348,0.45742853764947133,0.08,0.0
24.100000000000207,5.191574568863868,5.585262981061673,1.1429209702325531,AVOID,0.3054054891605161,5.115127874553308,0.4551939268248206,0.08,0.0
24.150000000000208,5.1932343234033365,5.588902378658627,1.1429209702325531,AVOID,0.30303655091278986,5.111462794429324,0.4529700277069335,0.08,0.0
24.20000000000021,5.194894077942805,5.592541776255581,1.1429209702325531,AVOID,0.30067468859191676,5.107798216906988,0.45075690999665374,0.08,0.0
24.25000000000021,5.196553832482273,5.5961811738525356,1.1429209702325531,AVOID,0.2983199706523149,5.10413414306885,0.4485546436585366,0.08,0.0
24.30000000000021,5.198213587021741,5.59982057144949,1.1429209702325531,AVOID,0.29597246676626743,5.100470574000419,0.44636329891629445,0.08,0.0
24.35000000000021,5.19987334156121,5.603459969046444,1.1429209702325531,AVOID,0.2936322478545927,5.096807510790176,0.4441829462480942,0.08,0.0
24.40000000000021,5.201533096100678,5.607099366643398,1.1429209702325531,AVOID,0.2912993861183197,5.093144954529581,0.44201365638170276,0.08,0.0
24.450000000000212,5.203192850640146,5.610738764240352,1.1429209702325531,AVOID,0.2889739550714069,5.089482906313087,0.43985550028948106,0.08,0.0
24.500000000000213,5.204852605179615,5.6143781618373065,1.1429209702325531,AVOID,0.28665602957454855,5.085821367238147,0.43770854918322355,0.08,0.0
24.550000000000214,5.206512359719083,5.618017559434261,1.1429209702325531,AVOID,0.28434568587011333,5.082160338405221,0.4355728745088414,0.08,0.0
24.600000000000215,5.208172114258551,5.621656957031215,1.1429209702325531,AVOID,0.28204300161825707,5.078499820917793,0.43344854794088894,0.08,0.0
24.650000000000215,5.20983186879802,5.625296354628169,1.1429209702325531,AVOID,0.2797480559342676,5.074839815882373,0.4313356413769296,0.08,0.0
24.700000000000216,5.211491623337488,5.628935752225123,1.1429209702325531,AVOID,0.27746092942718426,5.071180324408512,0.42923422693174285,0.08,0.0
24.750000000000217,5.213151377876956,5.6325751498220775,1.1429209702325531,AVOID,0.2751817042397504,5.067521347608809,0.4271443769313654,0.08,0.0
24.800000000000217,5.214811132416425,5.636214547419032,1.1429209702325531,AVOID,0.2729104640897565,5.0638628865989235,0.4250661639069735,0.08,0.0
24.850000000000218,5.216470886955893,5.639853945015986,1.1429209702325531,AVOID,0.2706472943128293,5.060204942497583,0.42299966058859406,0.08,0.0
24.90000000000022,5.218130641495361,5.64349334261294,1.1429209702325531,AVOID,0.26839228190673436,5.056547516426592,0.42094493989865367,0.08,0.0
24.95000000000022,5.2197903960348295,5.647132740209894,1.1429209702325531,AVOID,0.2661455155772546,5.0528906095108495,0.4189020749453568,0.08,0.0
25.00000000000022,5.221450150574298,5.6507721378068485,1.1429209702325531,AVOID,0.26390708578571453,5.049234222878347,0.4168711390158958,0.08,0.0
25.05000000000022,5.223109905113766,5.654411535403803,1.1429209702325531,AVOID,0.26167708479822477,5.0455783576601885,0.4148522055694892,0.08,0.0
25.10000000000022,5.2247696596532345,5.658050933000757,1.1429209702325531,AVOID,0.25945560673672174,5.041923014990596,0.4128453482302493,0.08,0.0
25.150000000000222,5.226429414192703,5.661690330597711,1.1429209702325531,AVOID,0.2572427476318842,5.038268196006922,0.4108506407798759,0.08,0.0
25.200000000000223,5.228089168732171,5.665329728194665,1.1429209702325531,AVOID,0.25503860547801066,5.034613901849657,0.4088681571501762,0.08,0.0
25.250000000000224,5.229748923271639,5.6689691257916195,1.1429209702325531,AVOID,0.25284328028995023,5.030960133662441,0.4068979714154104,0.08,0.0
25.300000000000225,5.231408677811108,5.672608523388574,1.1429209702325531,AVOID,0.2506568741621779,5.027306892592075,0.4049401577844606,0.08,0.0
25.350000000000225,5.233068432350576,5.676247920985528,1.1429209702325531,AVOID,0.2484794913301161,5.02365417978853,0.40299479059282384,0.08,0.0
25.400000000000226,5.234728186890044,5.679887318582482,1.1429209702325531,AVOID,0.24631123823380885,5.020001996404957,0.4010619442944271,0.08,0.0
25.450000000000227,5.236387941429513,5.683526716179436,1.1429209702325531,AVOID,0.24415222358405658,5.016350343597697,0.3991416934532649,0.08,0.0
25.500000000000227,5.238047695968981,5.6871661137763905,1.1429209702325531,AVOID,0.24200255843113339,5.012699222526295,0.3972341127348581,0.08,0.0
25.550000000000228,5.239707450508449,5.690805511373345,1.1429209702325531,AVOID,0.2398623562362071,5.009048634353503,0.3953392768975338,0.08,0.0
25.60000000000023,5.241367205047918,5.694444908970299,1.1429209702325531,AVOID,0.23773173294559635,5.005398580245301,0.39345726078352594,0.08,0.0
25.65000000000023,5.243026959587386,5.698084306567253,1.1429209702325531,AVOID,0.23561080706800186,5.001749061370898,0.39158813930989633,0.08,0.0
25.70000000000023,5.244686714126854,5.701723704164207,1.1429209702325531,AVOID,0.23349969975486,4.9981000789027465,0.3897319874592756,0.08,0.0
25.75000000000023,5.246346468666323,5.7053631017611615,1.1429209702325531,AVOID,0.23139853488397516,4.994451634016554,0.38788888027042534,0.08,0.0
25.80000000000023,5.248006223205791,5.709002499358116,1.1429209702325531,AVOID,0.22930743914659368,4.990803727891291,0.3860588928286188,0.08,0.0
25.850000000000232,5.249665977745259,5.71264189695507,1.1429209702325531,AVOID,0.22722654213809773,4.987156361709204,0.38424210025584427,0.08,0.0
25.900000000000233,5.2513257322847275,5.716281294552024,1.1429209702325531,AVOID,0.22515597645250074,4.983509536655826,0.38243857770082657,0.08,0.0
25.950000000000234,5.252985486824196,5.719920692148978,1.1429209702325531,AVOID,0.22309587778094608,4.979863253919985,0.38064840032887204,0.08,0.0
26.000000000000234,5.254645241363664,5.7235600897459324,1.1429209702325531,AVOID,0.22104638501441465,4.976217514693819,0.37887164331153345,0.08,0.0
26.050000000000235,5.2563049959031325,5.727199487342887,1.1429209702325531,AVOID,0.21900764035086456,4.97257232017278,0.37710838181609807,0.08,0.0
26.100000000000236,5.257964750442601,5.730838884939841,1.1429209702325531,AVOID,0.21697978940704038,4.968927671555654,0.3753586909948985,0.08,0.0
26.150000000000237,5.259624504982069,5.734478282536795,1.1429209702325531,AVOID,0.21496298133520242,4.965283570044562,0.37362264597444694,0.08,0.0
26.200000000000237,5.261284259521537,5.738117680133749,1.1429209702325531,AVOID,0.2129573689450428,4.96164001684498,0.37190032184439525,0.08,0.0
26.250000000000238,5.262944014061006,5.741757077730703,1.1429209702325531,AVOID,0.210963108831076,4.957997013165744,0.3701917936463204,0.08,0.0
26.30000000000024,5.264603768600474,5.745396475327658,1.1429209702325531,AVOID,0.20898036150580235,4.954354560219062,0.3684971363623376,0.08,0.0
26.35000000000024,5.266263523139942,5.749035872924612,1.1429209702325531,AVOID,0.2070092915389764,4.950712659220528,0.36681642490354205,0.08,0.0
26.40000000000024,5.267923277679411,5.752675270521566,1.1429209702325531,AVOID,0.20505006770331413,4.947071311389131,0.36514973409828133,0.08,0.0
26.45000000000024,5.269583032218879,5.75631466811852,1.1429209702325531,AVOID,0.2031028631270208,4.943430517947264,0.3634971386802597,0.08,0.0
26.50000000000024,5.271242786758347,5.759954065715474,1.1429209702325531,AVOID,0.20116785545352228,4.93979028012074,0.3618587132764761,0.08,0.0
26.550000000000242,5.272902541297816,5.763593463312429,1.1429209702325531,AVOID,0.19924522700882713,4.936150599138799,0.36023453239499936,0.08,0.0
26.600000000000243,5.274562295837284,5.767232860909383,1.1429209702325531,AVOID,0.1973351649769694,4.9325114762341205,0.3586246704125794,0.08,0.0
26.650000000000244,5.276222050376752,5.770872258506337,1.1429209702325531,AVOID,0.19543786158401216,4.928872912642837,0.3570292015621013,0.08,0.0
26.700000000000244,5.277881804916221,5.774511656103291,1.1429209702325531,AVOID,0.1935535142911311,4.9252349096045425,0.35544819991988075,0.08,0.0
26.750000000000245,5.279541559455689,5.778151053700245,1.1429209702325531,AVOID,0.1916823259973317,4.921597468362305,0.35388173939280543,0.08,0.0
26.800000000000246,5.281201313995157,5.7817904512972,1.1429209702325531,AVOID,0.18982450525239408,4.917960590162677,0.35232989370532564,0.08,0.0
26.850000000000247,5.282861068534626,5.785429848894154,1.1429209702325531,AVOID,0.18798026648068356,4.9143242762557104,0.3507927363862947,0.08,0.0
26.900000000000247,5.284520823074094,5.789069246491108,1.1429209702325531,AVOID,0.1861498302165156,4.910688527894962,0.34927034075566554,0.08,0.0
26.950000000000248,5.286180577613562,5.792708644088062,1.1429209702325531,AVOID,0.18433342335181013,4.907053346337512,0.3477627799110441,0.08,0.0
27.00000000000025,5.2878403321530305,5.796348041685016,1.1429209702325531,AVOID,0.18253127939683111,4.903418732843969,0.34627012671410395,0.08,0.0
27.05000000000025,5.289500086692499,5.799987439281971,1.1429209702325531,AVOID,0.1807436387548682,4.899784688678486,0.3447924537768664,0.08,0.0
27.10000000000025,5.291159841231967,5.803626836878925,1.1429209702325531,AVOID,0.17897074901178112,4.896151215108773,0.3433298334478483,0.08,0.0
27.15000000000025,5.2928195957714355,5.807266234475879,1.1429209702325531,AVOID,0.17721286524140423,4.892518313406103,0.34188233779808375,0.08,0.0
27.20000000000025,5.294479350310904,5.810905632072833,1.1429209702325531,AVOID,0.1754702503278877,4.888885984845328,0.34045003860702117,0.08,0.0
27.250000000000252,5.296139104850372,5.814545029669787,1.1429209702325531,AVOID,0.17374317530613637,4.885254230704893,0.33903300734830233,0.08,0.0
27.300000000000253,5.29779885938984,5.818184427266742,1.1429209702325531,AVOID,0.17203191972160753,4.881623052266842,0.33763131517542655,0.08,0.0
27.350000000000254,5.299458613929309,5.821823824863696,1.1429209702325531,AVOID,0.1703367720108302,4.8779924508168335,0.336245032907305,0.08,0.0
27.400000000000254,5.301118368468777,5.82546322246065,1.1429209702325531,AVOID,0.1686580299041246,4.8743624276441535,0.33487423101371006,0.08,0.0
27.450000000000255,5.302778123008245,5.829102620057604,1.1429209702325531,AVOID,0.16699600085212857,4.870732984041723,0.33351897960062427,0.08,0.0
27.500000000000256,5.304437877547714,5.832742017654558,1.1429209702325531,AVOID,0.16535100247787315,4.867104121306115,0.3321793483954951,0.08,0.0
27.550000000000257,5.306097632087182,5.8363814152515125,1.1429209702325531,AVOID,0.16372336305630641,4.863475840737563,0.33085540673239877,0.08,0.0
27.600000000000257,5.30775738662665,5.840020812848467,1.1429209702325531,AVOID,0.16211342202333234,4.859848143639977,0.3295472235371214,0.08,0.0
27.650000000000258,5.309417141166119,5.843660210445421,1.1429209702325531,AVOID,0.1605215305166161,4.85622103132095,0.32825486731216036,0.08,0.0
27.70000000000026,5.311076895705587,5.847299608042375,1.1429209702325531,AVOID,0.15894805195061684,4.852594505091775,0.3269784061216533,0.08,0.0
27.75000000000026,5.312736650245055,5.850939005639329,1.1429209702325531,AVOID,0.15739336262853354,4.848968566267456,0.325717907576241,0.08,0.0
27.80000000000026,5.314396404784524,5.8545784032362835,1.1429209702325531,AVOID,0.1558578523941067,4.84534321616672,0.3244734388178685,0.08,0.0
27.85000000000026,5.316056159323992,5.858217800833238,1.1429209702325531,AVOID,0.1543419253264961,4.8417184561120274,0.32324506650453244,0.08,0.0
27.90000000000026,5.31771591386346,5.861857198430192,1.1429209702325531,AVOID,0.15284600048176833,4.8380942874295885,0.3220328567949806,0.08,0.0
27.950000000000262,5.3193756684029285,5.865496596027146,1.1429209702325531,AVOID,0.15137051268487933,4.834470711449372,0.32083687533336946,0.08,0.0
28.000000000000263,5.321035422942397,5.8691359936241,1.1429209702325531,AVOID,0.14991591337641869,4.830847729505121,0.3196571872338875,0.08,0.0
28.050000000000264,5.322695177481865,5.8727753912210545,1.1429209702325531,AVOID,0.14848267151882133,4.827225342934361,0.3184938570653508,0.08,0.0
28.100000000000264,5.3243549320213335,5.876414788818009,1.1429209702325531,AVOID,0.14707127456723829,4.823603553078418,0.3173469488357775,0.08,0.0
28.150000000000265,5.326014686560802,5.880054186414963,1.1429209702325531,AVOID,0.1456822295107958,4.8199823612824275,0.3162165259769487,0.08,0.0
28.200000000000266,5.32767444110027,5.883693584011917,1.1429209702325531,AVOID,0.14431606399059127,4.816361768895346,0.3151026513289634,0.08,0.0
28.250000000000266,5.329334195639738,5.887332981608871,1.1429209702325531,AVOID,0.14297332750145614,4.812741777269967,0.3140053871247941,0.08,0.0
28.300000000000267,5.330993950179207,5.8909723792058255,1.1429209702325531,AVOID,0.14165459268529246,4.809122387762934,0.3129247949748506,0.08,0.0
28.350000000000268,5.332653704718675,5.89461177680278,1.1429209702325531,AVOID,0.14036045672466657,4.805503601734749,0.3118609358515614,0.08,0.0
28.40000000000027,5.334313459258143,5.898251174399734,1.1429209702325531,AVOID,0.13909154284632852,4.801885420549789,0.3108138700739773,0.08,0.0
28.45000000000027,5.335973213797612,5.901890571996688,1.1429209702325531,AVOID,0.13784850194545784,4.798267845576319,0.3097836572924084,0.08,0.0
28.50000000000027,5.33763296833708,5.905529969593642,1.1429209702325531,AVOID,0.13663201434269995,4.794650878186502,0.3087703564730999,0.08,0.0
28.55000000000027,5.339292722876548,5.9091693671905965,1.1429209702325531,AVOID,0.1354427916875242,4.791034519756414,0.3077740258829563,0.08,0.0
28.60000000000027,5.340952477416017,5.912808764787551,1.1429209702325531,AVOID,0.13428157902308274,4.787418771666059,0.30679472307432176,0.08,0.0
28.650000000000272,5.342612231955485,5.916448162384505,1.1429209702325531,AVOID,0.13314915702965396,4.783803635299377,0.30583250486982383,0.08,0.0
28.700000000000273,5.344271986494953,5.920087559981459,1.1429209702325531,AVOID,0.13204634446593427,4.780189112044263,0.30488742734729135,0.08,0.0
28.750000000000274,5.345931741034422,5.923726957578413,1.1429209702325531,AVOID,0.1309740008299377,4.776575203292574,0.30395954582475193,0.08,0.0
28.800000000000274,5.34759149557389,5.9273663551753675,1.1429209702325531,AVOID,0.129933029264164,4.7729619104401495,0.30304891484551977,0.08,0.0
28.850000000000275,5.349251250113358,5.931005752772322,1.1429209702325531,AVOID,0.12892437973302623,4.769349234886817,0.3021555881633805,0.08,0.0
28.900000000000276,5.3509110046528265,5.934645150369276,1.1429209702325531,AVOID,0.1279490525044092,4.76573717803641,0.3012796187278839,0.08,0.0
28.950000000000276,5.352570759192295,5.93828454796623,1.1429209702325531,AVOID,0.12700810197173168,4.762125741296782,0.3004210586697499,0.08,0.0
29.000000000000277,5.354230513731763,5.941923945563184,1.1429209702325531,AVOID,0.12610264085814638,4.758514926079817,0.29957995928640024,0.08,0.0
29.050000000000278,5.3558902682712315,5.9455633431601385,1.1429209702325531,AVOID,0.12523384485066857,4.754904733801444,0.29875637102762087,0.08,0.0
29.10000000000028,5.3575500228107,5.949202740757093,1.1429209702325531,AVOID,0.1244029577192462,4.751295165881653,0.29795034348136595,0.08,0.0
29.15000000000028,5.359209777350168,5.952842138354047,1.1429209702325531,AVOID,0.12361129698431506,4.7476862237445046,0.29716192535971186,0.08,0.0
29.20000000000028,5.360869531889636,5.956481535951001,1.1429209702325531,AVOID,0.12286026020646112,4.744077908818143,0.2963911644849688,0.08,0.0
29.25000000000028,5.362529286429105,5.960120933547955,1.1429209702325531,AVOID,0.12215133198378803,4.740470222534818,0.2956381077759602,0.08,0.0
29.30000000000028,5.364189040968573,5.963760331144909,1.1429209702325531,AVOID,0.1214860917568703,4.736863166330889,0.29490280123447665,0.08,0.0
29.350000000000282,5.365848795508041,5.967399728741864,1.1429209702325531,AVOID,0.120866222538279,4.733256741646842,0.2941852899319153,0.08,0.0
29.400000000000283,5.36750855004751,5.971039126338818,1.1429209702325531,AVOID,0.1202935207042356,4.729650949927305,0.29348561799611095,0.08,0.0
29.450000000000284,5.369168304586978,5.974678523935772,1.1429209702325531,AVOID,0.11976990701083184,4.726045792621061,0.29280382859836884,0.08,0.0
29.500000000000284,5.370828059126446,5.978317921532726,1.1429209702325531,AVOID,0.11929743902744883,4.722441271181063,0.2921399639407074,0.08,0.0
29.550000000000285,5.372487813665915,5.98195731912968,1.1429209702325531,AVOID,0.11887832521689518,4.718837387064445,0.29149406524331856,0.08,0.0
29.600000000000286,5.374147568205383,5.985596716726635,1.1429209702325531,AVOID,0.11851494093706769,4.715234141732538,0.29086617273225535,0.08,0.0
29.650000000000286,5.375807322744851,5.989236114323589,1.1429209702325531,AVOID,0.11820984669484194,4.711631536650883,0.2902563256273527,0.08,0.0
29.700000000000287,5.37746707728432,5.992875511920543,1.1429209702325531,AVOID,0.11796580905237061,4.708029573289249,0.28966456213039316,0.08,0.0
29.750000000000288,5.379126831823788,5.996514909517497,1.1429209702325531,AVOID,0.1177858246728356,4.70442825312164,0.28909091941352116,0.08,0.0
29.80000000000029,5.380786586363256,6.000154307114451,1.1429209702325531,AVOID,0.11767314810208682,4.700827577626317,0.2885354336079178,0.08,0.0
29.85000000000029,5.382446340902725,6.003793704711406,1.1429209702325531,AVOID,0.11763132402135212,4.697227548285807,0.28799813979274136,0.08,0.0
29.90000000000029,5.384106095442193,6.00743310230836,1.1429209702325531,AVOID,0.11766422488360231,4.693628166586918,0.28747907198434197,0.08,0.0
29.95000000000029,5.385765849981661,6.011072499905314,1.1429209702325531,AVOID,0.11777609507486653,4.690029434020756,0.28697826312575836,0.08,0.0
30.00000000000029,5.3874256045211295,6.014711897502268,1.1429209702325531,AVOID,0.11797160303929907,4.686431352082738,0.28649574507650377,0.08,0.0
30.050000000000292,5.389085359060598,6.018351295099222,1.1429209702325531,AVOID,0.11825590319759605,4.682833922272604,0.28603154860264746,0.08,0.0
30.100000000000293,5.390745113600066,6.021990692696177,1.1429209702325531,AVOID,0.1186347100069691,4.679237146094436,0.28558570336720046,0.08,0.0
30.150000000000293,5.3924048681395345,6.025630090293131,1.1429209702325531,AVOID,0.11911438720696951,4.675641025056669,0.2851582379208111,0.08,0.0
30.200000000000294,5.394064622679003,6.029269487890085,1.1429209702325531,AVOID,0.1197020562410551,4.6720455606721085,0.28474917969277735,0.08,0.0
30.250000000000295,5.395724377218471,6.032908885487039,1.1429209702325531,AVOID,0.12040572914548145,4.668450754457943,0.28435855498238294,0.08,0.0
30.300000000000296,5.397384131757939,6.036548283083993,1.1429209702325531,AVOID,0.12123447301493376,4.66485660793576,0.28398638895056283,0.08,0.0
30.350000000000296,5.399043886297408,6.040187680680948,1.1429209702325531,AVOID,0.12219861573325405,4.661263122631558,0.2836327056119041,0.08,0.0
30.400000000000297,5.400703640836876,6.043827078277902,1.1429209702325531,AVOID,0.12331000638046857,4.657670300075767,0.2832975278269897,0.08,0.0
30.450000000000298,5.402363395376344,6.047466475874856,1.1429209702325531,AVOID,0.12458234920547612,4.654078141803258,0.2829808772950878,0.08,0.0
30.5000000000003,5.404023149915813,6.05110587347181,1.1429209702325531,AVOID,0.12603163828888633,4.650486649353361,0.28268277454719504,0.08,0.0
30.5500000000003,5.405682904455281,6.054745271068764,1.1429209702325531,AVOID,0.12767673269923793,4.646895824269878,0.28240323893943653,0.08,0.0
30.6000000000003,5.407342658994749,6.058384668665719,1.1429209702325531,AVOID,0.12954013199878844,4.643305668101101,0.2821422886468298,0.08,0.0
30.6500000000003,5.409002413534218,6.062024066262673,1.1429209702325531,AVOID,0.1316490446565362,4.639716182399824,0.28189994065741475,0.08,0.0
30.7000000000003,5.410662168073686,6.065663463859627,1.1429209702325531,AVOID,0.1340368971592797,4.636127368723359,0.281676210766756,0.08,0.0
30.750000000000302,5.412321922613154,6.069302861456581,1.1429209702325531,AVOID,0.13674552877598414,4.632539228633553,0.2814711135728214,0.08,0.0
30.800000000000303,5.413981677152623,6.072942259053535,1.1429209702325531,AVOID,0.13982849623206756,4.6289517636968025,0.2812846624712394,0.08,0.0
30.850000000000303,5.415641431692091,6.0765816566504895,1.1429209702325531,AVOID,0.14335626285526992,4.625364975484066,0.2811168696509405,0.08,0.0
30.900000000000304,5.417301186231559,6.080221054247444,1.1429209702325531,AVOID,0.14742478038570583,4.621778865570885,0.28096774609018504,0.08,0.0
30.950000000000305,5.4189609407710275,6.083860451844398,1.1429209702325531,AVOID,0.1521706471870342,4.618193435537394,0.28083730155298003,0.08,0.0
31.000000000000306,5.420620695310496,6.087499849441352,1.1429209702325531,AVOID,0.15780030624864363,4.61460868696834,0.2807255445858895,0.08,0.0
31.050000000000306,5.422280449849964,6.091139247038306,1.1429209702325531,AVOID,0.16465346309748685,4.611024621453094,0.2806324825152383,0.08,0.0
31.100000000000307,5.4239402043894325,6.0947786446352605,1.1429209702325531,AVOID,0.1733680100077637,4.607441240585671,0.2805581214447137,0.08,0.0
31.150000000000308,5.425599958928901,6.098418042232215,1.1429209702325531,AVOID,0.18546604589179963,4.603858545964744,0.2805024662533653,0.08,0.0
31.20000000000031,5.427259713468369,6.102057439829169,1.1429209702325531,AVOID,0.20817155755186995,4.6002765391936595,0.2804655205940052,0.08,0.0
31.25000000000031,5.428919468007837,6.105696837426123,1.1429209702325531,RUN,1.8,4.596695221880451,0.2804472868920098,0.55,-2.0
31.30000000000031,5.4415612726883,6.130105949989256,1.0429209702325526,AVOID,0.11097179551690817,4.571518132340589,0.27945380995760294,0.08,0.0
31.35000000000031,5.44357606886505,6.133561466790857,1.0429209702325526,AVOID,0.11218549732352123,4.567780756846322,0.2791830836015746,0.08,0.0
31.40000000000031,5.4455908650418,6.137016983592458,1.0429209702325526,AVOID,0.11357019274061786,4.564043826576639,0.2789310181695539,0.08,0.0
31.450000000000312,5.44760566121855,6.1404725003940595,1.0429209702325526,AVOID,0.11514365051768577,4.560307342626054,0.2786976301997648,0.08,0.0
31.500000000000313,5.449620457395301,6.143928017195661,1.0429209702325526,AVOID,0.1169269777214764,4.556571306092539,0.2784829350224154,0.08,0.0
31.550000000000313,5.451635253572051,6.147383533997262,1.0429209702325526,AVOID,0.11894557111737086,4.5528357180775405,0.2782869467546871,0.08,0.0
31.600000000000314,5.453650049748801,6.150839050798863,1.0429209702325526,AVOID,0.12123044859251758,4.549100579685989,0.27810967829611055,0.08,0.0
31.650000000000315,5.4556648459255515,6.154294567600465,1.0429209702325526,AVOID,0.12382016452928152,4.5453658920263145,0.2779511413243355,0.08,0.0
31.700000000000315,5.457679642102302,6.157750084402066,1.0429209702325526,AVOID,0.1267636565365923,4.541631656210457,0.2778113462912939,0.08,0.0
31.750000000000316,5.459694438279052,6.161205601203667,1.0429209702325526,AVOID,0.13012464536297652,4.537897873353884,0.2776903024197628,0.08,0.0
31.800000000000317,5.461709234455802,6.164661118005268,1.0429209702325526,AVOID,0.13398876962664574,4.534164544575602,0.2775880177003267,0.08,0.0
31.850000000000318,5.4637240306325525,6.16811663480687,1.0429209702325526,AVOID,0.1384758739971068,4.530431670998167,0.27750449888874396,0.08,0.0
31.90000000000032,5.465738826809303,6.171572151608471,1.0429209702325526,AVOID,0.1437628955613013,4.5266992537477035,0.2774397515037178,0.08,0.0
31.95000000000032,5.467753622986053,6.175027668410072,1.0429209702325526,AVOID,0.1501312664375331,4.522967293953913,0.27739377982507385,0.08,0.0
32.00000000000032,5.469768419162803,6.1784831852116735,1.0429209702325526,AVOID,0.15808146518691651,4.519235792750092,0.27736658689234683,0.08,0.0
32.05000000000032,5.471783215339554,6.181938702013275,1.0429209702325526,AVOID,0.16868873345294128,4.515504751273142,0.2773581745037754,0.08,0.0
32.100000000000314,5.473798011516304,6.185394218814876,1.0429209702325526,AVOID,0.1854794697621162,4.511774170663586,0.27736854321570814,0.08,0.0
32.15000000000031,5.475812807693054,6.188849735616477,1.0429209702325526,RUN,1.8,4.508044052065581,0.2773976923424194,0.55,-1.663201414100513
32.20000000000031,5.4906358058090134,6.21200341784199,0.9597608995275273,AVOID,0.11488983928132887,4.482026549407589,0.2769630676949649,0.08,0.0
32.250000000000306,5.4929306691640845,6.215279635505936,0.9597608995275273,AVOID,0.11721041691487374,4.478191911890091,0.2768074943414147,0.08,0.0
32.3000000000003,5.4952255325191555,6.218555853169882,0.9597608995275273,AVOID,0.11984129268416505,4.474357563923693,0.27667068913522885,0.08,0.0
32.3500000000003,5.4975203958742265,6.221832070833828,0.9597608995275273,AVOID,0.12283296484089797,4.470523506253434,0.276552661126637,0.08,0.0
32.4000000000003,5.4998152592292975,6.225108288497774,0.9597608995275273,AVOID,0.1262514211396835,4.4666897396268554,0.27645341812835555,0.08,0.0
32.450000000000294,5.5021101225843685,6.22838450616172,0.9597608995275273,AVOID,0.13018574628009105,4.462856264794011,0.27637296671300526,0.08,0.0
32.50000000000029,5.5044049859394395,6.231660723825666,0.9597608995275273,AVOID,0.13476133765409132,4.4590230825074775,0.2763113122109371,0.08,0.0
32.55000000000029,5.5066998492945105,6.234936941489612,0.9597608995275273,AVOID,0.14016480228645886,4.455190193522362,0.2762684587084667,0.08,0.0
32.600000000000286,5.5089947126495815,6.238213159153558,0.9597608995275273,AVOID,0.14669635596265973,4.4513575985963145,0.2762444090465218,0.08,0.0
32.65000000000028,5.5112895760046525,6.241489376817504,0.9597608995275273,AVOID,0.15489957588417763,4.447525298489541,0.2762391648196998,0.08,0.0
32.70000000000028,5.5135844393597235,6.24476559448145,0.9597608995275273,AVOID,0.16598221945592825,4.443693293964809,0.2762527263757397,0.08,0.0
32.75000000000028,5.5158793027147945,6.248041812145396,0.9597608995275273,AVOID,0.18432287337779538,4.43986158578746,0.27628509281540703,0.08,0.0
32.800000000000274,5.5181741660698655,6.251318029809342,0.9597608995275273,RUN,1.8,4.436030174725424,0.27633626199279115,0.55,-1.3117234845731613
32.85000000000027,5.53467840966353,6.27330868453444,0.8941747252988694,AVOID,0.12921720483832747,4.409455664170736,0.27629522114350114,0.08,0.0
32.90000000000027,5.537183059624013,6.2764274548971715,0.8941747252988694,AVOID,0.13368336097249134,4.405558826186845,0.2762321135323027,0.08,0.0
32.950000000000266,5.539687709584496,6.279546225259903,0.8941747252988694,AVOID,0.13894292398335228,4.401662173281616,0.27618780848996327,0.08,0.0
33.00000000000026,5.542192359544979,6.282664995622635,0.8941747252988694,AVOID,0.1452730424538935,4.397765705947016,0.27616230895416727,0.08,0.0
33.05000000000026,5.5446970095054615,6.285783765985366,0.8941747252988694,AVOID,0.15316452507137798,4.393869424676737,0.2761556166159611,0.08,0.0
33.10000000000026,5.547201659465944,6.288902536348098,0.8941747252988694,AVOID,0.16366380024953908,4.389973329966198,0.2761677319191924,0.08,0.0
33.150000000000254,5.549706309426427,6.292021306710829,0.8941747252988694,AVOID,0.18013057198165972,4.386077422312553,0.27619865406036304,0.08,0.0
33.20000000000025,5.55221095938691,6.295140077073561,0.8941747252988694,RUN,1.8,4.382181702214703,0.2762483809888956,0.55,-1.0302491416033934
33.25000000000025,5.56997494472779,6.316128731430715,0.8426622682186995,AVOID,0.1470678645292044,4.355253938181656,0.2763909676251346,0.08,0.0
33.300000000000246,5.5726368568201625,6.319114401206909,0.8426622682186995,AVOID,0.15521781508317312,4.3513176980132995,0.2763827175434498,0.08,0.0
33.35000000000024,5.575298768912535,6.322100070983104,0.8426622682186995,AVOID,0.16619898556049212,4.347381574239912,0.27639327009091186,0.08,0.0
33.40000000000024,5.577960681004907,6.325085740759298,0.8426622682186995,AVOID,0.18418993104335601,4.343445567177933,0.2764226245680367,0.08,0.0
33.45000000000024,5.580622593097279,6.328071410535492,0.8426622682186995,AVOID,1.8,4.339509677144939,0.2764707790292218,0.275,-0.6544984694978735
33.500000000000234,5.589939199673868,6.338183110190938,0.8099373447438056,AVOID,0.15264304908964715,4.325943112986311,0.27655470819749717,0.08,0.0
33.55000000000023,5.592697374921855,6.341080086079928,0.8099373447438056,AVOID,0.1623674573348587,4.321986382151747,0.2765553845975286,0.08,0.0
33.60000000000023,5.5954555501698415,6.343977061968918,0.8099373447438056,AVOID,0.17674251890002823,4.318029731048247,0.2765748596944979,0.08,0.0
33.650000000000226,5.598213725417828,6.346874037857908,0.8099373447438056,RUN,1.8,4.314073159895188,0.27661313219804173,0.55,-0.6640195997766574
33.70000000000022,5.617503293467245,6.366472331121229,0.7767363647549725,RUN,1.8,4.286811396884051,0.2769285092936723,0.55,-0.22326488826768964
33.75000000000022,5.6372236152603525,6.385638735449561,0.7655731203415881,RUN,1.8,4.25947764817993,0.2775218510171752,0.55,-0.24093514568544006
33.80000000000022,5.65716501324826,6.4045749837705435,0.7535263630573161,RUN,1.8,4.232112565081555,0.2786827480362237,0.55,-0.21052050709965506
33.850000000000215,5.677318887353181,6.4232849911477805,0.7430003377023335,RUN,1.8,4.204719968462133,0.2804174701099208,0.55,-0.18855474722849966
33.90000000000021,5.697658441426264,6.441793014777883,0.7335726003409087,RUN,1.8,4.177305680546068,0.2827581446076204,0.55,-0.1683595636734147
33.95000000000021,5.7181623434796425,6.460118830852241,0.725154622157238,RUN,1.8,4.1498740652152835,0.2857283592707197,0.55,-0.15039295695623942
34.000000000000206,5.738811640291738,6.478280685869092,0.7176349743094259,RUN,1.8,4.12242863088708,0.2893473385555886,0.55,-0.13434276045104837
34.0500000000002,5.759589705960421,6.496295100752061,0.7109178362868733,RUN,1.8,4.094972172828016,0.2936297848370224,0.55,-0.12001139882812388
34.1000000000002,5.7804819097446,6.514177034424403,0.704917266345467,RUN,1.8,4.067506920665881,0.2985862069689983,0.55,-0.1072134689408907
34.1500000000002,5.801475362752905,6.531940004890275,0.6995565928984226,RUN,1.8,4.040034652640702,0.3042231986198368,0.55,-0.09578454046233584
34.200000000000195,5.822558696316779,6.549596210607979,0.6947673658753057,RUN,1.8,4.012556787064689,0.3105437281902331,0.55,-0.08557775653965143
34.25000000000019,5.843721871225994,6.56715664550925,0.6904884780483229,RUN,1.8,3.985074455222505,0.31754743325167656,0.55,-0.07646206595974342
34.30000000000019,5.864956012802104,6.584631207317954,0.6866653747503357,RUN,1.8,3.957588559505398,0.32523091883166466,0.55,-0.06832050471851259
34.350000000000186,5.886253268057937,6.602028798621455,0.6832493495144103,RUN,1.8,3.930099819765491,0.3335880571705019,0.55,-0.0610486793783342
34.40000000000018,5.907606681725888,6.619357420538336,0.6801969155454937,RUN,1.8,3.902608810277077,0.3426102861134338,0.55,-0.05455341256278022
34.45000000000018,5.92901008844571,6.636624259041642,0.6774692449173547,RUN,1.8,3.8751159892084126,0.3522869030132114,0.55,-0.0487515349806839
34.50000000000018,5.9504580188214415,6.653835764151361,0.6750316681683204,RUN,1.8,3.8476217221220796,0.36260535098488145,0.55,-0.04356880786654544
34.550000000000175,5.971945617408676,6.670997722311259,0.672853227774993,RUN,1.8,3.820126300714398,0.3735514945213707,0.55,-0.03893896173229451
34.60000000000017,5.993468570987773,6.688115322328341,0.6709062796883782,RUN,1.8,3.7926299577590346,0.38510988180015393,0.55,-0.03480283883427667
34.65000000000017,6.015023045725405,6.7051932152883,0.6691661377466644,RUN,1.8,3.76513287902423,0.3972639914406142,0.55,-0.031107628133341884
34.700000000000166,6.036605632033881,6.722235568875068,0.6676107563399976,RUN,1.8,3.737635212777084,0.40999646196398754,0.55,-0.02780618274491004
34.75000000000016,6.058213296111706,6.739246116523013,0.6662204472027522,RUN,1.8,3.710137077363885,0.42328930272364296,0.55,-0.02485641096212112
34.80000000000016,6.079843337295317,6.756228201820562,0.6649776266546459,RUN,1.8,3.6826385672563546,0.4371240855799763,0.55,-0.022220732902216413
34.85000000000016,6.101493350475414,6.773184818567678,0.6638665900095351,RUN,1.8,3.655139757874616,0.451482117066351,0.55,-0.01986559568807852
34.900000000000155,6.123161192935861,6.790118646868823,0.6628733102251312,RUN,1.8,3.627640709434591,0.46634459121242045,0.55,-0.017761040844578652
34.95000000000015,6.144844955061465,6.807032085619699,0.6619852581829022,RUN,1.8,3.6001414700174563,0.4816927235480528,0.55,-0.01588031827369507
35.00000000000015,6.166542934436194,6.823927281721602,0.6611912422692177,RUN,1.8,3.5726420780185904,0.4975078671003277,0.55,-0.014199541782190357
35.050000000000146,6.1882536129173324,6.8408061563322455,0.660481265180108,RUN,1.8,3.545142564101642,0.5137716114174264,0.55,-0.012697381679264506
35.10000000000014,6.20997563632573,6.857670428437618,0.6598463960961447,RUN,1.8,3.5176429527578086,0.5304658658108592,0.55,-0.011354790446397974
35.15000000000014,6.231707796439018,6.874521636005536,0.6592786565738247,RUN,1.8,3.4901432635502374,0.5475729281068498,0.55,-0.01015475791347154
35.20000000000014,6.253449015014866,6.891361154959192,0.658770918678151,RUN,1.8,3.4626435121071655,0.5650755402472487,0.55,-0.009082092760778586
35.250000000000135,6.275198329605722,6.908190216187684,0.6583168140401119,RUN,1.8,3.435143710914636,0.5829569320876682,0.55,-0.008123227510014399
35.30000000000013,6.296954880956491,6.92500992079048,0.657910652664611,RUN,1.8,3.4076438699492746,0.6012008547140792,0.55,-0.007266044473440953
35.35000000000013,6.318717901802032,6.9418212537346164,0.657547350440939,RUN,1.8,3.38014399718347,0.6197916045471503,0.55,-0.006499720404177477
35.40000000000013,6.340486706904045,6.958625096086138,0.65722236442073,RUN,1.8,3.352644098988651,0.6387140394322852,0.55,-0.005814587833475965
35.450000000000124,6.362260684185891,6.975422235961815,0.6569316350290562,RUN,1.8,3.3251441804573436,0.6579535878297138,0.55,-0.005202011298890356
35.50000000000012,6.384039286841087,6.992213378332849,0.6566715344641114,RUN,1.8,3.2976442456602983,0.6774962521276464,0.55,-0.00465427686041046
35.55000000000012,6.405822026305771,7.008999153799024,0.6564388206210907,RUN,1.8,3.2701442978519006,0.6973286070067068,0.55,-0.0041644934747339405
35.600000000000115,6.427608465998304,7.025780126440438,0.656230595947354,RUN,1.8,3.2426443396341096,0.7174377936896961,0.55,-0.0037265049523898105
35.65000000000011,6.44939821574043,7.042556800842348,0.6560442706997343,RUN,1.8,3.2151443730875666,0.7378115108177887,0.55,-0.003334811358982978
35.70000000000011,6.471190926784402,7.059329628379814,0.655877530131785,RUN,1.8,3.1876443998761785,0.7584380026072706,0.55,-0.0029844988456545836
35.75000000000011,6.49298628737894,7.076099012839336,0.655728305189502,RUN,1.8,3.1601444213307412,0.7793060448579177,0.55,-0.002671177002359618
35.800000000000104,6.514784018814723,7.092865315446943,0.6555947463393839,RUN,1.8,3.1326444385158028,0.800404929308272,0.55,-0.0023909229254785217
35.8500000000001,6.5365838718966245,7.109628859365415,0.6554752001931101,RUN,1.8,3.105144452283006,0.821724446764041,0.55,-0.0021402312789738
35.9000000000001,6.558385623796283,7.126389933715899,0.6553681886291614,RUN,1.8,3.0776444633137494,0.8432548693623354,0.55,-0.0019159697040145329
35.950000000000095,6.580189075243084,7.143148797174632,0.6552723901439608,RUN,1.8,3.050144472153235,0.8649869322795143,0.55,-0.0017153390045414327
36.00000000000009,6.6019940480169055,7.159905681189031,0.6551866231937336,RUN,1.8,3.0226444792378,0.8869118151396482,0.55,-0.00153583759433528
36.05000000000009,6.623800382709703,7.176660792853625,0.6551098313140167,RUN,1.8,2.995144484916834,0.9090211233377112,0.55,-0.0013752297494962439
36.10000000000009,6.645607936727259,7.193414317481938,0.6550410698265416,RUN,1.8,2.9676444894698766,0.9313068694534206,0.55,-0.0012315172572546476
36.150000000000084,6.667416582504302,7.210166420905921,0.6549794939636788,RUN,1.8,2.940144493120811,0.9537614548974487,0.55,-0.0011029140972175996
36.20000000000008,6.68922620591087,7.2269172515323135,0.6549243482588181,RUN,1.8,2.912644496048702,0.9763776519047922,0.55,-0.0009878238295365379
36.25000000000008,6.711036704828075,7.243666942181051,0.6548749570673413,RUN,1.8,2.8851444983972603,0.9991485859637481,0.55,-0.0008848194003382819
36.300000000000075,6.732847987876653,7.260415611729684,0.6548307160973246,RUN,1.8,2.857644500281438,1.0220677187505445,0.55,-0.0007926251046789156
36.35000000000007,6.754659973280582,7.277163366583409,0.6547910848420906,RUN,1.8,2.8301445017932516,1.0451288316192284,0.55,-0.000710100476149179
36.40000000000007,6.776472587851288,7.293910301989854,0.6547555798182829,RUN,1.8,2.802644503006598,1.0683260096836888,0.55,-0.0006362258976026637
36.45000000000007,6.798285766080994,7.310656503214545,0.6547237685234029,RUN,1.8,2.7751445039804437,1.0916536265156216,0.55,-0.0005700897460086167
36.500000000000064,6.820099449330996,7.327402046592283,0.6546952640361026,RUN,1.8,2.7476445047623446,1.115106329471604,0.55,-0.0005108769116935724
36.55000000000006,6.841913585107704,7.344147000467387,0.6546697201905181,RUN,1.8,2.7201445053900777,1.1386790256553414,0.55,-0.00045785853962278906
36.60000000000006,6.8637281264137755,7.360891426034527,0.6546468272635368,RUN,1.8,2.6926445058942936,1.1623668685121527,0.55,-0.00041038286739507557
36.650000000000055,6.885543031169959,7.377635378090872,0.6546263081201671,RUN,1.8,2.6651445062990997,1.1861652450501312,0.55,-0.00036786703701356785
36.70000000000005,6.907358261696459,7.394378905707754,0.6546079147683166,RUN,1.8,2.63764450662448,1.2100697636739397,0.55,-0.0003297897807868315
36.75000000000005,6.929173784250565,7.411122052833434,0.6545914252792775,RUN,1.8,2.610144506886039,1.2340762426205212,0.55,-0.00029568488731862623
36.80000000000005,6.950989568612613,7.427864858830617,0.6545766410349114,RUN,1.8,2.582644507096167,1.2581806989748732,0.55,-0.00026513536089989634
36.850000000000044,6.972805587715129,7.444607358957683,0.6545633842668663,RUN,1.8,2.555144507265215,1.2823793382486217,0.55,-0.00023776820488784656
36.90000000000004,6.994621817312236,7.461349584799564,0.6545514958566221,RUN,1.8,2.5276445074014173,1.306668544501269,0.55,-0.0002132497586830757
36.95000000000004,7.016438235684063,7.478091564652686,0.6545408333686877,RUN,1.8,2.5001445075110076,1.3310448709812723,0.55,-0.00019128153032026122
37.000000000000036,7.038254823371517,7.494833323869443,0.6545312692921716,RUN,1.8,2.472644507598904,1.3555050312650705,0.55,-0.00017159647367763112
37.05000000000003,7.060071562938447,7.511574885166283,0.6545226894684877,RUN,1.8,2.4451445076698115,1.380045890871739,0.55,-0.00015395566113788597
37.10000000000003,7.0818884387608705,7.528316268900653,0.6545149916854309,RUN,1.8,2.41764450772683,1.4046644593334738,0.55,-0.0001381453091987913
37.15000000000003,7.103705436837117,7.545057493316563,0.6545080844199709,RUN,1.8,2.3901445077725723,1.4293578826952091,0.55,-0.00012397411828221549
37.200000000000024,7.125522544617979,7.561798574765817,0.6545018857140565,RUN,1.8,2.3626445078092244,1.454123436426076,0.55,-0.00011127089829903188
37.25000000000002,7.147339750854826,7.578539527905377,0.6544963221691416,RUN,1.8,2.335144507838889,1.4789585187197252,0.55,-9.988244361496565e-05
37.30000000000002,7.169157045463635,7.595280365874714,0.6544913280469609,RUN,1.8,2.307644507863489,1.503860644164399,0.55,-8.967163544340725e-05
37.350000000000016,7.190974419404938,7.612021100455422,0.6544868444651888,RUN,1.8,2.2801445078828397,1.5288274377640032,0.55,-8.051574400576232e-05
37.40000000000001,7.212791864571045,7.628761742209463,0.6544828186779883,RUN,1.8,2.2526445078999635,1.5538566292830647,0.55,-7.230491022974183e-05
37.45000000000001,7.234609373696003,7.645502300609223,0.6544792034324769,RUN,1.8,2.225144507913346,1.5789460479154644,0.55,-6.494078543039074e-05
37.50000000000001,7.256426940261008,7.662242784150294,0.6544759563932052,RUN,1.8,2.1976445079233238,1.6040936172380318,0.55,-5.833532844383425e-05
37.550000000000004,7.2782445584171,7.678983200451512,0.654473039626783,RUN,1.8,2.170144507932515,1.629297350445987,0.55,-5.24097122723136e-05
37.6,7.300062222922861,7.695723556349549,0.6544704191411697,RUN,1.8,2.1426445079376637,1.654555345859441,0.55,-4.709335300052602e-05
37.65,7.321879929069837,7.71246385797167,0.6544680644735195,RUN,1.8,2.1151445079445166,1.6798657826578947,0.55,-4.232304511551764e-05
37.699999999999996,7.343697672638882,7.729204110823048,0.6544659483212638,RUN,1.8,2.0876445079493053,1.7052269168808152,0.55,-3.8042193422196865e-05
37.74999999999999,7.365515449841041,7.7459443198386,0.6544640462115927,RUN,1.8,2.0601445079540914,1.7306370776142546,0.55,-3.420010281101572e-05
37.79999999999999,7.387333257276623,7.762684489451203,0.6544623362064521,RUN,1.8,2.0326445079577136,1.7560946634120496,0.55,-3.075137671382052e-05
37.84999999999999,7.409151091893364,7.779424623637169,0.6544607986376163,RUN,1.8,2.005144507961295,1.7815981388959032,0.55,-2.765534415038846e-05
37.899999999999984,7.430968950955503,7.796164725963536,0.6544594158704089,RUN,1.8,1.9776445079639882,1.8071460315500054,0.55,-2.487556362526796e-05
37.94999999999998,7.452786832000129,7.812904799633543,0.6544581720922276,RUN,1.8,1.9501445079699289,1.8327369286839665,0.55,-2.237940436386507e-05
37.99999999999998,7.474604732822627,7.8296448475339275,0.6544570531220093,RUN,1.8,1.9226445079709908,1.8583694745782176,0.55,-2.013763281898121e-05
38.049999999999976,7.496422651438479,7.846384872242197,0.6544560462403686,RUN,1.8,1.8951445079726625,1.8840423677394507,0.55,-1.812402794478383e-05
38.09999999999997,7.518240586068714,7.86312487608302,0.6544551400389711,RUN,1.8,1.867644507971267,1.9097543583575487,0.55,-1.631511908358509e-05
38.14999999999997,7.540058535108983,7.879864861137321,0.6544543242830168,RUN,1.8,1.8401445079729586,1.9355042458522151,0.55,-1.4689857514131593e-05
38.19999999999997,7.5618764971259225,7.896604829282296,0.6544535897901409,RUN,1.8,1.8126445079722493,1.9612908765909063,0.55,-1.322938436081249e-05
38.249999999999964,7.583694470824412,7.91334478220233,0.6544529283209228,RUN,1.8,1.785144507971342,1.9871131416896566,0.55,-1.1916799089731965e-05
38.29999999999996,7.605512455051212,7.93008472139627,0.6544523324809681,RUN,1.8,1.7576445079728142,2.0129699749461745,0.55,-1.0736900663541776e-05
38.34999999999996,7.627330448751309,7.9468246482429095,0.6544517956359348,RUN,1.8,1.7301445079743931,2.0388603509057646,0.55,-9.676183718275023e-06
38.399999999999956,7.649148451004294,7.963564563950058,0.6544513118267488,RUN,1.8,1.702644507971095,2.0647832829752195,0.55,-8.722367881855511e-06
38.44999999999995,7.670966460951604,7.980304469616385,0.6544508757083545,RUN,1.8,1.675144507975305,2.09073782166963,0.55,-7.864591765582799e-06
38.49999999999995,7.692784477840178,7.997044366238697,0.654450482478766,RUN,1.8,1.6476445079777111,2.1167230529677328,0.55,-7.0930482301143845e-06
38.54999999999995,7.714602500993351,8.013784254711936,0.6544501278263546,RUN,1.8,1.6201445079703969,2.1427380967080323,0.55,-6.398949712976998e-06
38.599999999999945,7.736420529785391,8.03052413581463,0.6544498078788692,RUN,1.8,1.592644507975901,2.1687821050559544,0.55,-5.7743847013767065e-06
38.64999999999994,7.758238563685154,8.047264010281651,0.654449519159634,RUN,1.8,1.5651445079682933,2.1948542611587323,0.55,-5.2122964527752786e-06
38.69999999999994,7.780056602176046,8.064003878767835,0.6544492585448114,RUN,1.8,1.5376445079588168,2.220953777712994,0.55,-4.706392268352971e-06
38.749999999999936,7.80187464482151,8.080743741826154,0.6544490232251978,RUN,1.8,1.510144507957223,2.247079895694224,0.55,-4.2508577922139855e-06
38.79999999999993,7.823692691206816,8.09748359999503,0.6544488106823083,RUN,1.8,1.4826445079648036,2.273231883171789,0.55,-3.840697712626708e-06
38.84999999999993,7.845510740982718,8.114223453769227,0.6544486186474225,RUN,1.8,1.4551445079574705,2.299409034145662,0.55,-3.471317519476631e-06
38.89999999999993,7.867328793829074,8.130963303541648,0.6544484450815466,RUN,1.8,1.4276445079500517,2.325610667372082,0.55,-3.138494099342015e-06
38.949999999999925,7.889146849440294,8.147703149705194,0.6544482881568419,RUN,1.8,1.4001445079458303,2.3518361253873,0.55,-2.838638012357566e-06
38.99999999999992,7.910964907539892,8.164442992594559,0.6544481462249414,RUN,1.8,1.3726445079604306,2.378084773467661,0.55,-2.5683936702655694e-06
39.04999999999992,7.932782967895037,8.181182832544437,0.6544480178052581,RUN,1.8,1.3451445079748416,2.40435599873404,0.55,-2.324839677489596e-06
39.099999999999916,7.954601030331105,8.197922669845866,0.654447901563274,RUN,1.8,1.3176445079504453,2.430649209219067,0.55,-2.105214355361793e-06
39.14999999999991,7.976419094571611,8.214662504731677,0.6544477963025561,RUN,1.8,1.2901445079648726,2.4569638329002164,0.55,-1.9072715495020487e-06
39.19999999999991,7.998237160529243,8.231402337405598,0.6544477009389786,RUN,1.8,1.2626445079633826,2.483299317071725,0.55,-1.7285184590550391e-06
39.24999999999991,8.020055228029378,8.248142168100458,0.6544476145130558,RUN,1.8,1.2351445079427894,2.509655127448953,0.55,-1.5672953030337261e-06
39.299999999999905,8.041873296868289,8.264881997019984,0.6544475361482904,RUN,1.8,1.2076445079407139,2.536030747408999,0.55,-1.4219678939824265e-06
39.3499999999999,8.063691366958665,8.281621824309696,0.6544474650498957,RUN,1.8,1.1801445079378474,2.562425677342679,0.55,-1.2907034064543132e-06
39.3999999999999,8.085509438213194,8.298361650086008,0.6544474005147256,RUN,1.8,1.1526445079325967,2.588839433932935,0.55,-1.1720259716857393e-06
39.449999999999896,8.107327510544565,8.315101474523544,0.6544473419134271,RUN,1.8,1.125144507887937,2.6152715495790506,0.55,-1.0648432279153084e-06
39.49999999999989,8.129145583719946,8.33184129773872,0.6544472886712658,RUN,1.8,1.097644507917728,2.6417215715995637,0.55,-9.682864025294952e-07
39.54999999999989,8.150963657768443,8.34858111984795,0.6544472402569457,RUN,1.7500000000000002,1.0701445079280147,2.6681890619339255,0.55,-8.808729014843961e-07
39.59999999999989,8.172781732631847,8.36532094096765,0.6544471962133005,RUN,1.7500000000000002,1.0426445078941138,2.694673596373552,0.55,-8.01869529936785e-07
39.649999999999885,8.194599808077328,8.382060761097819,0.654447156119824,RUN,1.7000000000000002,1.0151445080007497,2.7211747638794312,0.55,-7.305480382015941e-07
39.69999999999988,8.216417884279508,8.398800580529496,0.654447119592422,RUN,1.7000000000000002,0.9876445079322181,2.7476921667458427,0.55,-6.661934257744399e-07
39.74999999999988,8.238235961005557,8.415540399029851,0.654447086282751,RUN,1.6500000000000001,0.960144508014972,2.7742254189707234,0.55,-6.074481810018899e-07
39.799999999999876,8.26005403837189,8.432280216831714,0.6544470559103419,RUN,1.6500000000000001,0.9326445080149205,2.8007741470338257,0.55,-5.542293526734654e-07
39.84999999999987,8.281872116145678,8.4490200340515,0.6544470281988741,RUN,1.6,0.9051445080459234,2.8273379885625616,0.55,-5.066562642233794e-07
39.89999999999987,8.303690194385126,8.465759850572795,0.654447002866061,RUN,1.6,0.8776445081326641,2.85391659220193,0.55,-4.6279292207965634e-07
39.94999999999987,8.32550827297382,8.482499666861258,0.6544469797264147,RUN,1.55,0.8501445080840472,2.880509617568146,0.55,-4.2482669894000864e-07
39.999999999999865,8.34732635191176,8.499239482684061,0.6544469584850798,RUN,1.55,0.8226445080418014,2.907116734021324,0.55,-3.8983071965004596e-07
40.04999999999986,8.369144431198947,8.515979297924787,0.6544469389935439,RUN,1.5000000000000002,0.7951445080767912,2.933737620866724,0.55,-3.575293346973208e-07
40.09999999999986,8.390962510951795,8.532719112699851,0.6544469211170769,RUN,1.5000000000000002,0.7676445080257899,2.9603719671593254,0.55,-3.278208438723732e-07
40.14999999999986,8.412780591053888,8.549458927242085,0.6544469047260346,RUN,1.4500000000000002,0.740144507839431,2.987019471052732,0.55,-3.0175475986143035e-07
40.199999999999854,8.434598671039566,8.566198741318658,0.6544468896382964,RUN,1.4500000000000002,0.7126445080288917,3.0136798389396677,0.55,-2.787214998449176e-07
40.24999999999985,8.456416751258075,8.5829385551624,0.6544468757022215,RUN,1.4500000000000002,0.6851445081753569,3.040352786590935,0.55,-2.579580157590621e-07
40.29999999999985,8.478234831942245,8.59967836854048,0.6544468628043205,RUN,1.4000000000000001,0.6576445082358311,3.06703803754836,0.55,-2.3706564302052495e-07
40.349999999999845,8.500052912859246,8.61641818168573,0.6544468509510386,RUN,1.4000000000000001,0.6301445082533097,3.0937353233463716,0.5396300579954574,-2.1929652813866288e-07
40.39999999999984,8.521459626033902,8.632842374732718,0.6544468399862122,RUN,1.35,0.6031630055859881,3.1199406911895853,0.5158652028996977,-2.0346078316804697e-07
40.44999999999984,8.541923606069759,8.64854326006025,0.6544468298131729,RUN,1.35,0.5773697452458089,3.145002372719114,0.49383951089691397,-1.8747252688024966e-07
40.49999999999984,8.561513843480498,8.663573770551011,0.6544468204395466,RUN,1.3,0.5526777698808858,3.1690033159880375,0.47271801802171365,-1.736974564369876e-07
40.549999999999834,8.580266207456589,8.677961426321417,0.6544468117546738,RUN,1.3,0.5290418693636747,3.1919861082611956,0.45250178238281413,-1.5857717452215367e-07
40.59999999999983,8.598216608865187,8.691733780317008,0.6544468038258149,RUN,1.2500000000000002,0.5064167805172266,3.2139935480553747,0.4331500140715576,-1.468660746244686e-07
40.64999999999983,8.615399340633303,8.704917144030333,0.6544467964825111,RUN,1.2500000000000002,0.4847592795115052,3.2350665931757323,0.4146258509877833,-1.3930058855882784e-07
40.699999999999825,8.631847233045846,8.71753670508042,0.6544467895174817,RUN,1.2500000000000002,0.46402798707925497,3.255244533150873,0.3968938963537051,-1.2468085717375035e-07
40.74999999999982,8.647591712186113,8.72961657634005,0.6544467832834391,RUN,1.2000000000000002,0.44418329224543296,3.274565049611672,0.37992026858396155,-1.1923818946022635e-07
40.79999999999982,8.662662860937417,8.741179837379605,0.6544467773215294,RUN,1.2000000000000002,0.425187278701723,3.2930642741177465,0.36367253766776103,-1.047085033918002e-07
40.84999999999982,8.67708947462961,8.752248581964523,0.6544467720861045,RUN,1.2000000000000002,0.40700365174476094,3.3107768488305487,0.34811965997699534,-9.40382280508549e-08
40.899999999999814,8.690899117849767,8.76284395903349,0.6544467673841932,RUN,1.1500000000000001,0.38959766825914327,3.327735984225236,0.3332319182957309,-8.428063108521183e-08
40.94999999999981,8.704118174966425,8.772986212745309,0.6544467631701618,RUN,1.1500000000000001,0.37293607225490727,3.3439735132705843,0.3189808693584124,-8.349885235783052e-08
40.99999999999981,8.716771903447807,8.782694721128792,0.6544467589952192,RUN,1.1500000000000001,0.3569870290386923,3.3595199473354045,0.3053392832375889,-8.070479091102183e-08
41.049999999999805,8.728884481359273,8.791988033801317,0.6544467549599795,RUN,1.1500000000000001,0.3417200645699228,3.3744045285747877,0.2922810939495004,-7.067774066518871e-08
41.0999999999998,8.74047905113548,8.800883907359093,0.6544467514260925,RUN,1.1,0.32710600918986904,3.388655278928928,0.2797813531831094,-6.5293472728111e-08
41.1499999999998,8.751577765215188,8.809399337507784,0.6544467481614191,RUN,1.1,0.3131169418571145,3.4022990484937106,0.2678161806184298,-5.2557836684777785e-08
41.1999999999998,8.76220182934776,8.817550595849752,0.6544467455335274,RUN,1.1,0.29972613339569254,3.4153615665998895,0.2563627118625175,-5.58721362914166e-08
41.249999999999794,8.772371544037014,8.82535325596109,0.6544467427399208,RUN,1.1,0.28690799774053943,3.42786748400669,0.24539906256769511,-4.089201081764109e-08
41.29999999999979,8.782106338534504,8.832822227850556,0.6544467406953203,RUN,1.05,0.2746380439918901,3.439840417241294,0.23490428608945088,-6.07199236466035e-08
41.34999999999979,8.79142481321469,8.839971779379994,0.6544467376593239,RUN,1.05,0.26289282975640965,3.451302988713521,0.22485833278019252,-4.931571867277679e-08
41.399999999999785,8.80034477263689,8.846815571654588,0.6544467351935381,RUN,1.05,0.25164991337357073,3.462276871963091,0.21524200587823308,-4.206547519117084e-08
41.44999999999978,8.808883259538561,8.85336668137461,0.6544467330902641,GOAL,1.05,0.24088781333994524,3.4727828278211614,0.0,0.0
